id,_kf_producao,dataFusao,ordenacao,_kf_FichaTecnica,caixa,_kf_macho,processo,recurso,areia,peso,qtd_machos,qtd_machos_por,figuras,qtd_replicas,qtd_op,qtd_realizada,qtd_pendente,qtd_moldes,tempo_ciclo,Tempo Total (minutos),not_before_date,deadline,dataHoraProcess,_kf_statusIntegration,StatusIntegrationId,status_create_date,dt
7136,144185,2025-09-30,6,152,30,2926,Pep Set,Carrossel,Silica,\N,1,Lote,1,1,168,0,1,1,1,1,2025-09-26,2025-09-26,29/09/2025 07:45:24,14,14,2025-09-29 07:45:24.420000000,2025-09-29
7137,145268,2025-09-29,12,5134,20,2629,Cold Box Soprado,Sopradora,Silica,2,2,peça,3,1,16,0,24,8,1,11,2025-09-25,2025-09-25,29/09/2025 07:45:24,14,14,2025-09-29 07:45:24.420000000,2025-09-29
7138,145269,2025-10-01,14,5134,20,2629,Cold Box Soprado,Sopradora,Silica,2,2,peça,3,1,16,0,24,8,1,11,2025-09-29,2025-09-29,29/09/2025 07:45:24,14,14,2025-09-29 07:45:24.420000000,2025-09-29
7139,145270,2025-10-02,7,5134,20,2629,Cold Box Soprado,Sopradora,Silica,2,2,peça,3,1,16,0,24,8,1,11,2025-09-30,2025-09-30,29/09/2025 07:45:24,14,14,2025-09-29 07:45:24.420000000,2025-09-29
7140,145271,2025-10-03,13,5134,1,2919,Pep Set,Carrossel,Silica,9,1,peça,1,1,16,0,16,16,1,20,2025-10-01,2025-10-01,29/09/2025 07:45:24,14,14,2025-09-29 07:45:24.420000000,2025-09-29
7141,145271,2025-10-03,13,5134,6,840,Cold Box Soprado,Sopradora,Silica,2,1,peça,4,1,16,0,16,4,1,6,2025-10-01,2025-10-01,29/09/2025 07:45:24,14,14,2025-09-29 07:45:24.420000000,2025-09-29
7142,145271,2025-10-03,13,5134,7,834,Cold Box Soprado,Sopradora,Silica,1,1,peça,4,1,16,0,16,4,1,6,2025-10-01,2025-10-01,29/09/2025 07:45:24,14,14,2025-09-29 07:45:24.420000000,2025-09-29
7143,145271,2025-10-03,13,5134,20,2629,Cold Box Soprado,Sopradora,Silica,2,2,peça,3,1,16,0,24,8,1,11,2025-10-01,2025-10-01,29/09/2025 07:45:24,14,14,2025-09-29 07:45:24.420000000,2025-09-29
7144,145489,2025-09-30,16,4759,1,2675,Pep Set,Carrossel,Silica,30,1,peça,1,1,6,5,1,1,1,1,2025-09-26,2025-09-26,29/09/2025 07:45:24,14,14,2025-09-29 07:45:24.420000000,2025-09-29
7145,145489,2025-09-30,16,4759,20,2629,Cold Box Soprado,Sopradora,Silica,2,3,peça,3,1,6,0,18,6,1,9,2025-09-26,2025-09-26,29/09/2025 07:45:24,14,14,2025-09-29 07:45:24.420000000,2025-09-29
7146,145563,2025-10-02,10,5066,2,2867,Pep Set,Chão,Silica,16,1,peça,1,1,7,0,7,7,15,105,2025-09-30,2025-09-30,29/09/2025 07:45:24,14,14,2025-09-29 07:45:24.420000000,2025-09-29
7147,145564,2025-10-03,10,5066,1,2699,Pep Set,Carrossel,Silica,5,1,peça,2,1,7,0,7,4,1,4,2025-10-01,2025-10-01,29/09/2025 07:45:24,14,14,2025-09-29 07:45:24.420000000,2025-09-29
7148,145564,2025-10-03,10,5066,2,2867,Pep Set,Chão,Silica,16,1,peça,1,1,7,0,7,7,15,105,2025-10-01,2025-10-01,29/09/2025 07:45:24,14,14,2025-09-29 07:45:24.420000000,2025-09-29
7149,145565,2025-10-02,10,5067,2,2868,Pep Set,Chão,Silica,16,1,peça,1,1,7,0,7,7,15,105,2025-09-30,2025-09-30,29/09/2025 07:45:24,14,14,2025-09-29 07:45:24.420000000,2025-09-29
7150,145566,2025-10-03,10,5067,1,2701,Pep Set,Carrossel,Silica,5,1,peça,2,1,7,0,7,4,1,4,2025-10-01,2025-10-01,29/09/2025 07:45:24,14,14,2025-09-29 07:45:24.420000000,2025-09-29
7151,145566,2025-10-03,10,5067,2,2868,Pep Set,Chão,Silica,16,1,peça,1,1,7,0,7,7,15,105,2025-10-01,2025-10-01,29/09/2025 07:45:24,14,14,2025-09-29 07:45:24.420000000,2025-09-29
7152,145775,2025-10-02,13,4054,2,829,Pep Set,Carrossel,Silica,27,1,peça,1,1,12,0,12,12,1,15,2025-09-30,2025-09-30,29/09/2025 07:45:24,14,14,2025-09-29 07:45:24.420000000,2025-09-29
7153,145775,2025-10-02,13,4054,3,830,Pep Set,Carrossel,Silica,6,1,peça,1,1,12,0,12,12,1,15,2025-09-30,2025-09-30,29/09/2025 07:45:24,14,14,2025-09-29 07:45:24.420000000,2025-09-29
7154,145775,2025-10-02,13,4054,4,831,Pep Set,Carrossel,Silica,6,1,peça,1,1,12,0,12,12,1,15,2025-09-30,2025-09-30,29/09/2025 07:45:24,14,14,2025-09-29 07:45:24.420000000,2025-09-29
7155,145775,2025-10-02,13,4054,5,839,Pep Set,Carrossel,Silica,1,1,peça,1,2,12,0,12,12,1,15,2025-09-30,2025-09-30,29/09/2025 07:45:24,14,14,2025-09-29 07:45:24.420000000,2025-09-29
7156,145775,2025-10-02,13,4054,6,840,Cold Box Soprado,Sopradora,Silica,2,1,peça,4,1,12,0,12,3,1,4,2025-09-30,2025-09-30,29/09/2025 07:45:24,14,14,2025-09-29 07:45:24.420000000,2025-09-29
7157,145775,2025-10-02,13,4054,7,834,Cold Box Soprado,Sopradora,Silica,1,1,peça,4,1,12,0,12,3,1,4,2025-09-30,2025-09-30,29/09/2025 07:45:24,14,14,2025-09-29 07:45:24.420000000,2025-09-29
7158,145799,2025-10-01,12,4621,1,2562,Pep Set,Carrossel,Silica,4,2,peça,1,1,6,0,12,12,1,15,2025-09-29,2025-09-29,29/09/2025 07:45:24,14,14,2025-09-29 07:45:24.420000000,2025-09-29
7159,145799,2025-10-01,12,4621,2,2563,Pep Set,Carrossel,Silica,13,2,peça,1,1,6,0,12,12,1,15,2025-09-29,2025-09-29,29/09/2025 07:45:24,14,14,2025-09-29 07:45:24.420000000,2025-09-29
7160,145799,2025-10-01,12,4621,3,2564,Pep Set,Carrossel,Silica,13,2,peça,1,1,6,0,12,12,1,15,2025-09-29,2025-09-29,29/09/2025 07:45:24,14,14,2025-09-29 07:45:24.420000000,2025-09-29
7161,145799,2025-10-01,12,4621,4,2565,Pep Set,Vibrado,Silica,68,1,peça,1,1,6,0,6,6,28,168,2025-09-29,2025-09-29,29/09/2025 07:45:24,14,14,2025-09-29 07:45:24.420000000,2025-09-29
7162,145799,2025-10-01,12,4621,5,2566,Pep Set,Carrossel,Silica,13,2,peça,1,1,6,0,12,12,1,15,2025-09-29,2025-09-29,29/09/2025 07:45:24,14,14,2025-09-29 07:45:24.420000000,2025-09-29
7163,145799,2025-10-01,12,4621,6,2567,Pep Set,Carrossel,Silica,13,2,peça,1,1,6,0,12,12,1,15,2025-09-29,2025-09-29,29/09/2025 07:45:24,14,14,2025-09-29 07:45:24.420000000,2025-09-29
7164,145799,2025-10-01,12,4621,7,2568,Pep Set,Carrossel,Silica,9,2,peça,1,1,6,0,12,12,1,15,2025-09-29,2025-09-29,29/09/2025 07:45:24,14,14,2025-09-29 07:45:24.420000000,2025-09-29
7165,145799,2025-10-01,12,4621,20,2629,Cold Box Soprado,Sopradora,Silica,2,3,peça,3,1,6,0,18,6,1,9,2025-09-29,2025-09-29,29/09/2025 07:45:24,14,14,2025-09-29 07:45:24.420000000,2025-09-29
7166,145800,2025-10-06,12,4621,1,2562,Pep Set,Carrossel,Silica,4,2,peça,1,1,4,0,8,8,1,10,2025-10-02,2025-10-02,29/09/2025 07:45:24,14,14,2025-09-29 07:45:24.420000000,2025-09-29
7167,145800,2025-10-06,12,4621,2,2563,Pep Set,Carrossel,Silica,13,2,peça,1,1,4,0,8,8,1,10,2025-10-02,2025-10-02,29/09/2025 07:45:24,14,14,2025-09-29 07:45:24.420000000,2025-09-29
7168,145800,2025-10-06,12,4621,3,2564,Pep Set,Carrossel,Silica,13,2,peça,1,1,4,0,8,8,1,10,2025-10-02,2025-10-02,29/09/2025 07:45:24,14,14,2025-09-29 07:45:24.420000000,2025-09-29
7169,145800,2025-10-06,12,4621,4,2565,Pep Set,Vibrado,Silica,68,1,peça,1,1,4,0,4,4,28,112,2025-10-02,2025-10-02,29/09/2025 07:45:24,14,14,2025-09-29 07:45:24.420000000,2025-09-29
7170,145800,2025-10-06,12,4621,5,2566,Pep Set,Carrossel,Silica,13,2,peça,1,1,4,0,8,8,1,10,2025-10-02,2025-10-02,29/09/2025 07:45:24,14,14,2025-09-29 07:45:24.420000000,2025-09-29
7171,145800,2025-10-06,12,4621,6,2567,Pep Set,Carrossel,Silica,13,2,peça,1,1,4,0,8,8,1,10,2025-10-02,2025-10-02,29/09/2025 07:45:24,14,14,2025-09-29 07:45:24.420000000,2025-09-29
7172,145800,2025-10-06,12,4621,7,2568,Pep Set,Carrossel,Silica,9,2,peça,1,1,4,0,8,8,1,10,2025-10-02,2025-10-02,29/09/2025 07:45:24,14,14,2025-09-29 07:45:24.420000000,2025-09-29
7173,145800,2025-10-06,12,4621,20,2629,Cold Box Soprado,Sopradora,Silica,2,3,peça,3,1,4,0,12,4,1,6,2025-10-02,2025-10-02,29/09/2025 07:45:24,14,14,2025-09-29 07:45:24.420000000,2025-09-29
7174,145945,2025-09-29,11,5135,7,841,Cold Box Soprado,Sopradora,Silica,1,1,peça,4,1,16,0,16,4,1,6,2025-09-25,2025-09-25,29/09/2025 07:45:24,14,14,2025-09-29 07:45:24.420000000,2025-09-29
7175,145945,2025-09-29,11,5135,20,2629,Cold Box Soprado,Sopradora,Silica,2,2,peça,3,1,16,0,24,8,1,11,2025-09-25,2025-09-25,29/09/2025 07:45:24,14,14,2025-09-29 07:45:24.420000000,2025-09-29
7176,145949,2025-10-02,11,4882,1,2729,Pep Set,Chão,Silica,\N,1,peça,1,1,2,0,2,2,15,30,2025-09-30,2025-09-30,29/09/2025 07:45:24,14,14,2025-09-29 07:45:24.420000000,2025-09-29
7177,146035,2025-09-30,11,5135,7,841,Cold Box Soprado,Sopradora,Silica,1,1,peça,4,1,16,0,16,4,1,6,2025-09-26,2025-09-26,29/09/2025 07:45:24,14,14,2025-09-29 07:45:24.420000000,2025-09-29
7178,146035,2025-09-30,11,5135,20,2629,Cold Box Soprado,Sopradora,Silica,2,2,peça,3,1,16,0,24,8,1,11,2025-09-26,2025-09-26,29/09/2025 07:45:24,14,14,2025-09-29 07:45:24.420000000,2025-09-29
7179,146056,2025-10-01,4,5135,7,841,Cold Box Soprado,Sopradora,Silica,1,1,peça,4,1,16,0,16,4,1,6,2025-09-29,2025-09-29,29/09/2025 07:45:24,14,14,2025-09-29 07:45:24.420000000,2025-09-29
7180,146056,2025-10-01,4,5135,20,2629,Cold Box Soprado,Sopradora,Silica,2,2,peça,3,1,16,0,24,8,1,11,2025-09-29,2025-09-29,29/09/2025 07:45:24,14,14,2025-09-29 07:45:24.420000000,2025-09-29
7181,146057,2025-09-30,14,4668,1,2578,Cold Box Soprado,Sopradora,Silica,7,1,peça,1,1,40,0,40,40,1,57,2025-09-26,2025-09-26,29/09/2025 07:45:24,14,14,2025-09-29 07:45:24.420000000,2025-09-29
7182,146057,2025-09-30,14,4668,20,2629,Cold Box Soprado,Sopradora,Silica,2,1,peça,3,1,40,0,30,10,1,14,2025-09-26,2025-09-26,29/09/2025 07:45:24,14,14,2025-09-29 07:45:24.420000000,2025-09-29
7183,146057,2025-09-30,14,4668,30,2926,Pep Set,Carrossel,Silica,\N,1,Lote,1,1,40,0,1,1,1,1,2025-09-26,2025-09-26,29/09/2025 07:45:24,14,14,2025-09-29 07:45:24.420000000,2025-09-29
7184,146136,2025-10-01,7,4668,1,2578,Cold Box Soprado,Sopradora,Silica,7,1,peça,1,1,40,0,40,40,1,57,2025-09-29,2025-09-29,29/09/2025 07:45:24,14,14,2025-09-29 07:45:24.420000000,2025-09-29
7185,146136,2025-10-01,7,4668,20,2629,Cold Box Soprado,Sopradora,Silica,2,1,peça,3,1,40,0,30,10,1,14,2025-09-29,2025-09-29,29/09/2025 07:45:24,14,14,2025-09-29 07:45:24.420000000,2025-09-29
7186,146136,2025-10-01,7,4668,30,2926,Pep Set,Carrossel,Silica,\N,1,Lote,1,1,40,0,1,1,1,1,2025-09-29,2025-09-29,29/09/2025 07:45:24,14,14,2025-09-29 07:45:24.420000000,2025-09-29
7187,146173,2025-10-03,14,5135,1,2920,Pep Set,Carrossel,Silica,9,1,peça,1,1,16,0,16,16,1,20,2025-10-01,2025-10-01,29/09/2025 07:45:24,14,14,2025-09-29 07:45:24.420000000,2025-09-29
7188,146173,2025-10-03,14,5135,6,840,Cold Box Soprado,Sopradora,Silica,2,1,peça,4,1,16,0,16,4,1,6,2025-10-01,2025-10-01,29/09/2025 07:45:24,14,14,2025-09-29 07:45:24.420000000,2025-09-29
7189,146173,2025-10-03,14,5135,7,841,Cold Box Soprado,Sopradora,Silica,1,1,peça,4,1,16,0,16,4,1,6,2025-10-01,2025-10-01,29/09/2025 07:45:24,14,14,2025-09-29 07:45:24.420000000,2025-09-29
7190,146173,2025-10-03,14,5135,20,2629,Cold Box Soprado,Sopradora,Silica,2,2,peça,3,1,16,0,24,8,1,11,2025-10-01,2025-10-01,29/09/2025 07:45:24,14,14,2025-09-29 07:45:24.420000000,2025-09-29
7191,146243,2025-10-01,13,4755,2,117,Cold Box Soprado,Sopradora,Silica,6,1,peça,2,1,20,0,20,10,1,14,2025-09-29,2025-09-29,29/09/2025 07:45:24,14,14,2025-09-29 07:45:24.420000000,2025-09-29
7192,146243,2025-10-01,13,4755,3,2514,Cold Box Soprado,Sopradora,Silica,3,1,peça,4,1,20,19,1,0,1,0,2025-09-29,2025-09-29,29/09/2025 07:45:24,14,14,2025-09-29 07:45:24.420000000,2025-09-29
7193,146244,2025-10-02,14,4755,1,116,Pep Set,Chão,Silica,13,1,peça,1,2,20,0,20,20,15,300,2025-09-30,2025-09-30,29/09/2025 07:45:24,14,14,2025-09-29 07:45:24.420000000,2025-09-29
7194,146244,2025-10-02,14,4755,2,117,Cold Box Soprado,Sopradora,Silica,6,1,peça,2,1,20,0,20,10,1,14,2025-09-30,2025-09-30,29/09/2025 07:45:24,14,14,2025-09-29 07:45:24.420000000,2025-09-29
7195,146244,2025-10-02,14,4755,3,2514,Cold Box Soprado,Sopradora,Silica,3,1,peça,4,1,20,0,20,5,1,7,2025-09-30,2025-09-30,29/09/2025 07:45:24,14,14,2025-09-29 07:45:24.420000000,2025-09-29
7196,146246,2025-10-02,16,945,1,90,Pep Set,Carrossel,Silica,22,1,peça,1,2,20,0,20,20,1,25,2025-09-30,2025-09-30,29/09/2025 07:45:24,14,14,2025-09-29 07:45:24.420000000,2025-09-29
7197,146258,2025-10-03,3,945,1,90,Pep Set,Carrossel,Silica,22,1,peça,1,2,20,0,20,20,1,25,2025-10-01,2025-10-01,29/09/2025 07:45:24,14,14,2025-09-29 07:45:24.420000000,2025-09-29
7198,146258,2025-10-03,3,945,2,91,Pep Set,Carrossel,Silica,16,1,peça,1,2,20,0,20,20,1,25,2025-10-01,2025-10-01,29/09/2025 07:45:24,14,14,2025-09-29 07:45:24.420000000,2025-09-29
7199,146258,2025-10-03,3,945,3,92,Pep Set,Carrossel,Silica,9,1,peça,1,2,20,0,20,20,1,25,2025-10-01,2025-10-01,29/09/2025 07:45:24,14,14,2025-09-29 07:45:24.420000000,2025-09-29
7200,146258,2025-10-03,3,945,4,93,Pep Set,Carrossel,Silica,5,1,peça,1,2,20,0,20,20,1,25,2025-10-01,2025-10-01,29/09/2025 07:45:24,14,14,2025-09-29 07:45:24.420000000,2025-09-29
7201,146259,2025-10-06,15,945,1,90,Pep Set,Carrossel,Silica,22,1,peça,1,2,20,0,20,20,1,25,2025-10-02,2025-10-02,29/09/2025 07:45:24,14,14,2025-09-29 07:45:24.420000000,2025-09-29
7202,146259,2025-10-06,15,945,2,91,Pep Set,Carrossel,Silica,16,1,peça,1,2,20,0,20,20,1,25,2025-10-02,2025-10-02,29/09/2025 07:45:24,14,14,2025-09-29 07:45:24.420000000,2025-09-29
7203,146259,2025-10-06,15,945,3,92,Pep Set,Carrossel,Silica,9,1,peça,1,2,20,0,20,20,1,25,2025-10-02,2025-10-02,29/09/2025 07:45:24,14,14,2025-09-29 07:45:24.420000000,2025-09-29
7204,146259,2025-10-06,15,945,4,93,Pep Set,Carrossel,Silica,5,1,peça,1,2,20,0,20,20,1,25,2025-10-02,2025-10-02,29/09/2025 07:45:24,14,14,2025-09-29 07:45:24.420000000,2025-09-29
7205,146260,2025-10-07,4,945,1,90,Pep Set,Carrossel,Silica,22,1,peça,1,2,20,0,20,20,1,25,2025-10-03,2025-10-03,29/09/2025 07:45:24,14,14,2025-09-29 07:45:24.420000000,2025-09-29
7206,146260,2025-10-07,4,945,2,91,Pep Set,Carrossel,Silica,16,1,peça,1,2,20,0,20,20,1,25,2025-10-03,2025-10-03,29/09/2025 07:45:24,14,14,2025-09-29 07:45:24.420000000,2025-09-29
7207,146260,2025-10-07,4,945,3,92,Pep Set,Carrossel,Silica,9,1,peça,1,2,20,0,20,20,1,25,2025-10-03,2025-10-03,29/09/2025 07:45:24,14,14,2025-09-29 07:45:24.420000000,2025-09-29
7208,146260,2025-10-07,4,945,4,93,Pep Set,Carrossel,Silica,5,1,peça,1,2,20,0,20,20,1,25,2025-10-03,2025-10-03,29/09/2025 07:45:24,14,14,2025-09-29 07:45:24.420000000,2025-09-29
7209,146281,2025-10-03,5,5219,25,\N,Cold Box Gasado,Cold box pequena,Silica,8,1,Molde,\N,0,500,0,5,\N,3,\N,2025-10-01,2025-10-01,29/09/2025 07:45:24,14,14,2025-09-29 07:45:24.420000000,2025-09-29
7210,146292,2025-10-06,6,947,1,87,Pep Set,Carrossel,Silica,22,1,peça,1,2,20,0,20,20,1,25,2025-10-02,2025-10-02,29/09/2025 07:45:24,14,14,2025-09-29 07:45:24.420000000,2025-09-29
7211,146292,2025-10-06,6,947,2,88,Pep Set,Carrossel,Silica,16,1,peça,1,2,20,0,20,20,1,25,2025-10-02,2025-10-02,29/09/2025 07:45:24,14,14,2025-09-29 07:45:24.420000000,2025-09-29
7212,146292,2025-10-06,6,947,3,89,Pep Set,Carrossel,Silica,9,1,peça,1,2,20,0,20,20,1,25,2025-10-02,2025-10-02,29/09/2025 07:45:24,14,14,2025-09-29 07:45:24.420000000,2025-09-29
7213,146292,2025-10-06,6,947,4,94,Pep Set,Carrossel,Silica,5,1,peça,1,2,20,0,20,20,1,25,2025-10-02,2025-10-02,29/09/2025 07:45:24,14,14,2025-09-29 07:45:24.420000000,2025-09-29
7214,146293,2025-10-07,7,947,1,87,Pep Set,Carrossel,Silica,22,1,peça,1,2,20,0,20,20,1,25,2025-10-03,2025-10-03,29/09/2025 07:45:24,14,14,2025-09-29 07:45:24.420000000,2025-09-29
7215,146293,2025-10-07,7,947,2,88,Pep Set,Carrossel,Silica,16,1,peça,1,2,20,0,20,20,1,25,2025-10-03,2025-10-03,29/09/2025 07:45:24,14,14,2025-09-29 07:45:24.420000000,2025-09-29
7216,146293,2025-10-07,7,947,3,89,Pep Set,Carrossel,Silica,9,1,peça,1,2,20,0,20,20,1,25,2025-10-03,2025-10-03,29/09/2025 07:45:24,14,14,2025-09-29 07:45:24.420000000,2025-09-29
7217,146293,2025-10-07,7,947,4,94,Pep Set,Carrossel,Silica,5,1,peça,1,2,20,0,20,20,1,25,2025-10-03,2025-10-03,29/09/2025 07:45:24,14,14,2025-09-29 07:45:24.420000000,2025-09-29
7218,146298,2025-10-08,5,4748,1,2647,Pep Set,Carrossel,Silica,14,1,peça,1,1,32,0,32,32,1,40,2025-10-06,2025-10-06,29/09/2025 07:45:24,14,14,2025-09-29 07:45:24.420000000,2025-09-29
7219,146301,2025-10-02,9,4396,1,2302,Cold Box Soprado,Sopradora,Silica,11,1,peça,1,1,48,0,48,48,1,68,2025-09-30,2025-09-30,29/09/2025 07:45:24,14,14,2025-09-29 07:45:24.420000000,2025-09-29
7220,146302,2025-10-06,4,4396,1,2302,Cold Box Soprado,Sopradora,Silica,11,1,peça,1,1,48,0,48,48,1,68,2025-10-02,2025-10-02,29/09/2025 07:45:24,14,14,2025-09-29 07:45:24.420000000,2025-09-29
7221,146314,2025-10-03,7,4859,1,2735,Cold Box Soprado,Sopradora,Silica,1,1,peça,14,1,70,0,70,5,1,7,2025-10-01,2025-10-01,29/09/2025 07:45:24,14,14,2025-09-29 07:45:24.420000000,2025-09-29
7222,146314,2025-10-03,7,4859,2,2736,Cold Box Soprado,Sopradora,Silica,0,1,peça,9,1,70,0,70,8,1,11,2025-10-01,2025-10-01,29/09/2025 07:45:24,14,14,2025-09-29 07:45:24.420000000,2025-09-29
7223,146347,2025-10-01,8,2672,23,2907,Cold Box Gasado,Cold Box Pequena,Silica,10,1,Molde,2,1,238,0,17,9,3,21,2025-09-29,2025-09-29,29/09/2025 07:45:24,14,14,2025-09-29 07:45:24.420000000,2025-09-29
7224,146348,2025-10-02,6,2672,23,2907,Cold Box Gasado,Cold Box Pequena,Silica,10,1,Molde,2,1,238,0,17,9,3,21,2025-09-30,2025-09-30,29/09/2025 07:45:24,14,14,2025-09-29 07:45:24.420000000,2025-09-29
7225,146349,2025-10-03,12,2672,23,2907,Cold Box Gasado,Cold Box Pequena,Silica,10,1,Molde,2,1,238,0,17,9,3,21,2025-10-01,2025-10-01,29/09/2025 07:45:24,14,14,2025-09-29 07:45:24.420000000,2025-09-29
7226,146350,2025-10-06,8,2672,23,2907,Cold Box Gasado,Cold Box Pequena,Silica,10,1,Molde,2,1,238,0,17,9,3,21,2025-10-02,2025-10-02,29/09/2025 07:45:24,14,14,2025-09-29 07:45:24.420000000,2025-09-29
7227,146356,2025-10-08,3,945,1,90,Pep Set,Carrossel,Silica,22,1,peça,1,2,20,0,20,20,1,25,2025-10-06,2025-10-06,29/09/2025 07:45:24,14,14,2025-09-29 07:45:24.420000000,2025-09-29
7228,146356,2025-10-08,3,945,2,91,Pep Set,Carrossel,Silica,16,1,peça,1,2,20,0,20,20,1,25,2025-10-06,2025-10-06,29/09/2025 07:45:24,14,14,2025-09-29 07:45:24.420000000,2025-09-29
7229,146356,2025-10-08,3,945,3,92,Pep Set,Carrossel,Silica,9,1,peça,1,2,20,0,20,20,1,25,2025-10-06,2025-10-06,29/09/2025 07:45:24,14,14,2025-09-29 07:45:24.420000000,2025-09-29
7230,146356,2025-10-08,3,945,4,93,Pep Set,Carrossel,Silica,5,1,peça,1,2,20,0,20,20,1,25,2025-10-06,2025-10-06,29/09/2025 07:45:24,14,14,2025-09-29 07:45:24.420000000,2025-09-29
7231,146372,2025-09-30,3,4689,4,386,Cold Box Soprado,Sopradora,Silica,1,1,peça,4,1,8,0,8,2,1,3,2025-09-26,2025-09-26,29/09/2025 07:45:24,14,14,2025-09-29 07:45:24.420000000,2025-09-29
7232,146372,2025-09-30,3,4689,20,2629,Cold Box Soprado,Sopradora,Silica,2,1,peça,3,1,8,0,6,2,1,3,2025-09-26,2025-09-26,29/09/2025 07:45:24,14,14,2025-09-29 07:45:24.420000000,2025-09-29
7233,146373,2025-09-30,4,4689,1,113,Cold Box Gasado,Cold Box 4,Silica,21,1,peça,1,1,8,0,8,8,3,20,2025-09-26,2025-09-26,29/09/2025 07:45:24,14,14,2025-09-29 07:45:24.420000000,2025-09-29
7234,146373,2025-09-30,4,4689,4,386,Cold Box Soprado,Sopradora,Silica,1,1,peça,4,1,8,0,8,2,1,3,2025-09-26,2025-09-26,29/09/2025 07:45:24,14,14,2025-09-29 07:45:24.420000000,2025-09-29
7235,146373,2025-09-30,4,4689,20,2629,Cold Box Soprado,Sopradora,Silica,2,1,peça,3,1,8,0,6,2,1,3,2025-09-26,2025-09-26,29/09/2025 07:45:24,14,14,2025-09-29 07:45:24.420000000,2025-09-29
7236,146374,2025-10-01,1,4689,1,113,Cold Box Gasado,Cold Box 4,Silica,21,1,peça,1,1,8,0,8,8,3,20,2025-09-29,2025-09-29,29/09/2025 07:45:24,14,14,2025-09-29 07:45:24.420000000,2025-09-29
7237,146374,2025-10-01,1,4689,4,386,Cold Box Soprado,Sopradora,Silica,1,1,peça,4,1,8,0,8,2,1,3,2025-09-29,2025-09-29,29/09/2025 07:45:24,14,14,2025-09-29 07:45:24.420000000,2025-09-29
7238,146374,2025-10-01,1,4689,20,2629,Cold Box Soprado,Sopradora,Silica,2,1,peça,3,1,8,0,6,2,1,3,2025-09-29,2025-09-29,29/09/2025 07:45:24,14,14,2025-09-29 07:45:24.420000000,2025-09-29
7239,146375,2025-10-01,5,4689,1,113,Cold Box Gasado,Cold Box 4,Silica,21,1,peça,1,1,8,0,8,8,3,20,2025-09-29,2025-09-29,29/09/2025 07:45:24,14,14,2025-09-29 07:45:24.420000000,2025-09-29
7240,146375,2025-10-01,5,4689,3,115,Cold Box Gasado,Cold Box Pequena,Silica,3,1,peça,1,1,8,5,3,3,3,8,2025-09-29,2025-09-29,29/09/2025 07:45:24,14,14,2025-09-29 07:45:24.420000000,2025-09-29
7241,146375,2025-10-01,5,4689,4,386,Cold Box Soprado,Sopradora,Silica,1,1,peça,4,1,8,0,8,2,1,3,2025-09-29,2025-09-29,29/09/2025 07:45:24,14,14,2025-09-29 07:45:24.420000000,2025-09-29
7242,146375,2025-10-01,5,4689,20,2629,Cold Box Soprado,Sopradora,Silica,2,1,peça,3,1,8,0,6,2,1,3,2025-09-29,2025-09-29,29/09/2025 07:45:24,14,14,2025-09-29 07:45:24.420000000,2025-09-29
7243,146376,2025-10-01,15,4689,4,386,Cold Box Soprado,Sopradora,Silica,1,1,peça,4,1,8,0,8,2,1,3,2025-09-29,2025-09-29,29/09/2025 07:45:24,14,14,2025-09-29 07:45:24.420000000,2025-09-29
7244,146376,2025-10-01,15,4689,20,2629,Cold Box Soprado,Sopradora,Silica,2,1,peça,3,1,8,0,6,2,1,3,2025-09-29,2025-09-29,29/09/2025 07:45:24,14,14,2025-09-29 07:45:24.420000000,2025-09-29
7245,146377,2025-10-02,1,4689,1,113,Cold Box Gasado,Cold Box 4,Silica,21,1,peça,1,1,8,0,8,8,3,20,2025-09-30,2025-09-30,29/09/2025 07:45:24,14,14,2025-09-29 07:45:24.420000000,2025-09-29
7246,146377,2025-10-02,1,4689,3,115,Cold Box Gasado,Cold Box Pequena,Silica,3,1,peça,1,1,8,0,8,8,3,20,2025-09-30,2025-09-30,29/09/2025 07:45:24,14,14,2025-09-29 07:45:24.420000000,2025-09-29
7247,146377,2025-10-02,1,4689,4,386,Cold Box Soprado,Sopradora,Silica,1,1,peça,4,1,8,0,8,2,1,3,2025-09-30,2025-09-30,29/09/2025 07:45:24,14,14,2025-09-29 07:45:24.420000000,2025-09-29
7248,146377,2025-10-02,1,4689,20,2629,Cold Box Soprado,Sopradora,Silica,2,1,peça,3,1,8,0,6,2,1,3,2025-09-30,2025-09-30,29/09/2025 07:45:24,14,14,2025-09-29 07:45:24.420000000,2025-09-29
7249,146378,2025-10-02,5,4689,1,113,Cold Box Gasado,Cold Box 4,Silica,21,1,peça,1,1,8,0,8,8,3,20,2025-09-30,2025-09-30,29/09/2025 07:45:24,14,14,2025-09-29 07:45:24.420000000,2025-09-29
7250,146378,2025-10-02,5,4689,3,115,Cold Box Gasado,Cold Box Pequena,Silica,3,1,peça,1,1,8,0,8,8,3,20,2025-09-30,2025-09-30,29/09/2025 07:45:24,14,14,2025-09-29 07:45:24.420000000,2025-09-29
7251,146378,2025-10-02,5,4689,4,386,Cold Box Soprado,Sopradora,Silica,1,1,peça,4,1,8,0,8,2,1,3,2025-09-30,2025-09-30,29/09/2025 07:45:24,14,14,2025-09-29 07:45:24.420000000,2025-09-29
7252,146378,2025-10-02,5,4689,20,2629,Cold Box Soprado,Sopradora,Silica,2,1,peça,3,1,8,0,6,2,1,3,2025-09-30,2025-09-30,29/09/2025 07:45:24,14,14,2025-09-29 07:45:24.420000000,2025-09-29
7253,146379,2025-10-02,12,4689,1,113,Cold Box Gasado,Cold Box 4,Silica,21,1,peça,1,1,8,0,8,8,3,20,2025-09-30,2025-09-30,29/09/2025 07:45:24,14,14,2025-09-29 07:45:24.420000000,2025-09-29
7254,146379,2025-10-02,12,4689,3,115,Cold Box Gasado,Cold Box Pequena,Silica,3,1,peça,1,1,8,0,8,8,3,20,2025-09-30,2025-09-30,29/09/2025 07:45:24,14,14,2025-09-29 07:45:24.420000000,2025-09-29
7255,146379,2025-10-02,12,4689,4,386,Cold Box Soprado,Sopradora,Silica,1,1,peça,4,1,8,0,8,2,1,3,2025-09-30,2025-09-30,29/09/2025 07:45:24,14,14,2025-09-29 07:45:24.420000000,2025-09-29
7256,146379,2025-10-02,12,4689,20,2629,Cold Box Soprado,Sopradora,Silica,2,1,peça,3,1,8,0,6,2,1,3,2025-09-30,2025-09-30,29/09/2025 07:45:24,14,14,2025-09-29 07:45:24.420000000,2025-09-29
7257,146380,2025-10-03,1,4689,1,113,Cold Box Gasado,Cold Box 4,Silica,21,1,peça,1,1,8,0,8,8,3,20,2025-10-01,2025-10-01,29/09/2025 07:45:24,14,14,2025-09-29 07:45:24.420000000,2025-09-29
7258,146380,2025-10-03,1,4689,2,114,Pep Set,Carrossel,Silica,3,1,peça,2,2,8,0,8,4,1,5,2025-10-01,2025-10-01,29/09/2025 07:45:24,14,14,2025-09-29 07:45:24.420000000,2025-09-29
7259,146380,2025-10-03,1,4689,3,115,Cold Box Gasado,Cold Box Pequena,Silica,3,1,peça,1,1,8,0,8,8,3,20,2025-10-01,2025-10-01,29/09/2025 07:45:24,14,14,2025-09-29 07:45:24.420000000,2025-09-29
7260,146380,2025-10-03,1,4689,4,386,Cold Box Soprado,Sopradora,Silica,1,1,peça,4,1,8,0,8,2,1,3,2025-10-01,2025-10-01,29/09/2025 07:45:24,14,14,2025-09-29 07:45:24.420000000,2025-09-29
7261,146380,2025-10-03,1,4689,20,2629,Cold Box Soprado,Sopradora,Silica,2,1,peça,3,1,8,0,6,2,1,3,2025-10-01,2025-10-01,29/09/2025 07:45:24,14,14,2025-09-29 07:45:24.420000000,2025-09-29
7262,146381,2025-10-03,8,4689,1,113,Cold Box Gasado,Cold Box 4,Silica,21,1,peça,1,1,8,0,8,8,3,20,2025-10-01,2025-10-01,29/09/2025 07:45:24,14,14,2025-09-29 07:45:24.420000000,2025-09-29
7263,146381,2025-10-03,8,4689,2,114,Pep Set,Carrossel,Silica,3,1,peça,2,2,8,0,8,4,1,5,2025-10-01,2025-10-01,29/09/2025 07:45:24,14,14,2025-09-29 07:45:24.420000000,2025-09-29
7264,146381,2025-10-03,8,4689,3,115,Cold Box Gasado,Cold Box Pequena,Silica,3,1,peça,1,1,8,0,8,8,3,20,2025-10-01,2025-10-01,29/09/2025 07:45:24,14,14,2025-09-29 07:45:24.420000000,2025-09-29
7265,146381,2025-10-03,8,4689,4,386,Cold Box Soprado,Sopradora,Silica,1,1,peça,4,1,8,0,8,2,1,3,2025-10-01,2025-10-01,29/09/2025 07:45:24,14,14,2025-09-29 07:45:24.420000000,2025-09-29
7266,146381,2025-10-03,8,4689,20,2629,Cold Box Soprado,Sopradora,Silica,2,1,peça,3,1,8,0,6,2,1,3,2025-10-01,2025-10-01,29/09/2025 07:45:24,14,14,2025-09-29 07:45:24.420000000,2025-09-29
7267,146382,2025-10-06,1,4689,1,113,Cold Box Gasado,Cold Box 4,Silica,21,1,peça,1,1,8,0,8,8,3,20,2025-10-02,2025-10-02,29/09/2025 07:45:24,14,14,2025-09-29 07:45:24.420000000,2025-09-29
7268,146382,2025-10-06,1,4689,2,114,Pep Set,Carrossel,Silica,3,1,peça,2,2,8,0,8,4,1,5,2025-10-02,2025-10-02,29/09/2025 07:45:24,14,14,2025-09-29 07:45:24.420000000,2025-09-29
7269,146382,2025-10-06,1,4689,3,115,Cold Box Gasado,Cold Box Pequena,Silica,3,1,peça,1,1,8,0,8,8,3,20,2025-10-02,2025-10-02,29/09/2025 07:45:24,14,14,2025-09-29 07:45:24.420000000,2025-09-29
7270,146382,2025-10-06,1,4689,4,386,Cold Box Soprado,Sopradora,Silica,1,1,peça,4,1,8,0,8,2,1,3,2025-10-02,2025-10-02,29/09/2025 07:45:24,14,14,2025-09-29 07:45:24.420000000,2025-09-29
7271,146382,2025-10-06,1,4689,20,2629,Cold Box Soprado,Sopradora,Silica,2,1,peça,3,1,8,0,6,2,1,3,2025-10-02,2025-10-02,29/09/2025 07:45:24,14,14,2025-09-29 07:45:24.420000000,2025-09-29
7272,146383,2025-10-06,5,4689,1,113,Cold Box Gasado,Cold Box 4,Silica,21,1,peça,1,1,8,0,8,8,3,20,2025-10-02,2025-10-02,29/09/2025 07:45:24,14,14,2025-09-29 07:45:24.420000000,2025-09-29
7273,146383,2025-10-06,5,4689,2,114,Pep Set,Carrossel,Silica,3,1,peça,2,2,8,0,8,4,1,5,2025-10-02,2025-10-02,29/09/2025 07:45:24,14,14,2025-09-29 07:45:24.420000000,2025-09-29
7274,146383,2025-10-06,5,4689,3,115,Cold Box Gasado,Cold Box Pequena,Silica,3,1,peça,1,1,8,0,8,8,3,20,2025-10-02,2025-10-02,29/09/2025 07:45:24,14,14,2025-09-29 07:45:24.420000000,2025-09-29
7275,146383,2025-10-06,5,4689,4,386,Cold Box Soprado,Sopradora,Silica,1,1,peça,4,1,8,0,8,2,1,3,2025-10-02,2025-10-02,29/09/2025 07:45:24,14,14,2025-09-29 07:45:24.420000000,2025-09-29
7276,146383,2025-10-06,5,4689,20,2629,Cold Box Soprado,Sopradora,Silica,2,1,peça,3,1,8,0,6,2,1,3,2025-10-02,2025-10-02,29/09/2025 07:45:24,14,14,2025-09-29 07:45:24.420000000,2025-09-29
7277,146384,2025-10-07,2,4689,1,113,Cold Box Gasado,Cold Box 4,Silica,21,1,peça,1,1,8,0,8,8,3,20,2025-10-03,2025-10-03,29/09/2025 07:45:24,14,14,2025-09-29 07:45:24.420000000,2025-09-29
7278,146384,2025-10-07,2,4689,2,114,Pep Set,Carrossel,Silica,3,1,peça,2,2,8,0,8,4,1,5,2025-10-03,2025-10-03,29/09/2025 07:45:24,14,14,2025-09-29 07:45:24.420000000,2025-09-29
7279,146384,2025-10-07,2,4689,3,115,Cold Box Gasado,Cold Box Pequena,Silica,3,1,peça,1,1,8,0,8,8,3,20,2025-10-03,2025-10-03,29/09/2025 07:45:24,14,14,2025-09-29 07:45:24.420000000,2025-09-29
7280,146384,2025-10-07,2,4689,4,386,Cold Box Soprado,Sopradora,Silica,1,1,peça,4,1,8,0,8,2,1,3,2025-10-03,2025-10-03,29/09/2025 07:45:24,14,14,2025-09-29 07:45:24.420000000,2025-09-29
7281,146384,2025-10-07,2,4689,20,2629,Cold Box Soprado,Sopradora,Silica,2,1,peça,3,1,8,0,6,2,1,3,2025-10-03,2025-10-03,29/09/2025 07:45:24,14,14,2025-09-29 07:45:24.420000000,2025-09-29
7282,146385,2025-10-07,9,4689,1,113,Cold Box Gasado,Cold Box 4,Silica,21,1,peça,1,1,8,0,8,8,3,20,2025-10-03,2025-10-03,29/09/2025 07:45:24,14,14,2025-09-29 07:45:24.420000000,2025-09-29
7283,146385,2025-10-07,9,4689,2,114,Pep Set,Carrossel,Silica,3,1,peça,2,2,8,0,8,4,1,5,2025-10-03,2025-10-03,29/09/2025 07:45:24,14,14,2025-09-29 07:45:24.420000000,2025-09-29
7284,146385,2025-10-07,9,4689,3,115,Cold Box Gasado,Cold Box Pequena,Silica,3,1,peça,1,1,8,0,8,8,3,20,2025-10-03,2025-10-03,29/09/2025 07:45:24,14,14,2025-09-29 07:45:24.420000000,2025-09-29
7285,146385,2025-10-07,9,4689,4,386,Cold Box Soprado,Sopradora,Silica,1,1,peça,4,1,8,0,8,2,1,3,2025-10-03,2025-10-03,29/09/2025 07:45:24,14,14,2025-09-29 07:45:24.420000000,2025-09-29
7286,146385,2025-10-07,9,4689,20,2629,Cold Box Soprado,Sopradora,Silica,2,1,peça,3,1,8,0,6,2,1,3,2025-10-03,2025-10-03,29/09/2025 07:45:24,14,14,2025-09-29 07:45:24.420000000,2025-09-29
7287,146386,2025-10-08,1,4689,1,113,Cold Box Gasado,Cold Box 4,Silica,21,1,peça,1,1,8,0,8,8,3,20,2025-10-06,2025-10-06,29/09/2025 07:45:24,14,14,2025-09-29 07:45:24.420000000,2025-09-29
7288,146386,2025-10-08,1,4689,2,114,Pep Set,Carrossel,Silica,3,1,peça,2,2,8,0,8,4,1,5,2025-10-06,2025-10-06,29/09/2025 07:45:24,14,14,2025-09-29 07:45:24.420000000,2025-09-29
7289,146386,2025-10-08,1,4689,3,115,Cold Box Gasado,Cold Box Pequena,Silica,3,1,peça,1,1,8,0,8,8,3,20,2025-10-06,2025-10-06,29/09/2025 07:45:24,14,14,2025-09-29 07:45:24.420000000,2025-09-29
7290,146386,2025-10-08,1,4689,4,386,Cold Box Soprado,Sopradora,Silica,1,1,peça,4,1,8,0,8,2,1,3,2025-10-06,2025-10-06,29/09/2025 07:45:24,14,14,2025-09-29 07:45:24.420000000,2025-09-29
7291,146386,2025-10-08,1,4689,20,2629,Cold Box Soprado,Sopradora,Silica,2,1,peça,3,1,8,0,6,2,1,3,2025-10-06,2025-10-06,29/09/2025 07:45:24,14,14,2025-09-29 07:45:24.420000000,2025-09-29
7292,146387,2025-10-08,4,4689,1,113,Cold Box Gasado,Cold Box 4,Silica,21,1,peça,1,1,8,0,8,8,3,20,2025-10-06,2025-10-06,29/09/2025 07:45:24,14,14,2025-09-29 07:45:24.420000000,2025-09-29
7293,146387,2025-10-08,4,4689,2,114,Pep Set,Carrossel,Silica,3,1,peça,2,2,8,0,8,4,1,5,2025-10-06,2025-10-06,29/09/2025 07:45:24,14,14,2025-09-29 07:45:24.420000000,2025-09-29
7294,146387,2025-10-08,4,4689,3,115,Cold Box Gasado,Cold Box Pequena,Silica,3,1,peça,1,1,8,0,8,8,3,20,2025-10-06,2025-10-06,29/09/2025 07:45:24,14,14,2025-09-29 07:45:24.420000000,2025-09-29
7295,146387,2025-10-08,4,4689,4,386,Cold Box Soprado,Sopradora,Silica,1,1,peça,4,1,8,0,8,2,1,3,2025-10-06,2025-10-06,29/09/2025 07:45:24,14,14,2025-09-29 07:45:24.420000000,2025-09-29
7296,146387,2025-10-08,4,4689,20,2629,Cold Box Soprado,Sopradora,Silica,2,1,peça,3,1,8,0,6,2,1,3,2025-10-06,2025-10-06,29/09/2025 07:45:24,14,14,2025-09-29 07:45:24.420000000,2025-09-29
7297,146388,2025-10-08,6,4689,1,113,Cold Box Gasado,Cold Box 4,Silica,21,1,peça,1,1,8,0,8,8,3,20,2025-10-06,2025-10-06,29/09/2025 07:45:24,14,14,2025-09-29 07:45:24.420000000,2025-09-29
7298,146388,2025-10-08,6,4689,2,114,Pep Set,Carrossel,Silica,3,1,peça,2,2,8,0,8,4,1,5,2025-10-06,2025-10-06,29/09/2025 07:45:24,14,14,2025-09-29 07:45:24.420000000,2025-09-29
7299,146388,2025-10-08,6,4689,3,115,Cold Box Gasado,Cold Box Pequena,Silica,3,1,peça,1,1,8,0,8,8,3,20,2025-10-06,2025-10-06,29/09/2025 07:45:24,14,14,2025-09-29 07:45:24.420000000,2025-09-29
7300,146388,2025-10-08,6,4689,4,386,Cold Box Soprado,Sopradora,Silica,1,1,peça,4,1,8,0,8,2,1,3,2025-10-06,2025-10-06,29/09/2025 07:45:24,14,14,2025-09-29 07:45:24.420000000,2025-09-29
7301,146388,2025-10-08,6,4689,20,2629,Cold Box Soprado,Sopradora,Silica,2,1,peça,3,1,8,0,6,2,1,3,2025-10-06,2025-10-06,29/09/2025 07:45:24,14,14,2025-09-29 07:45:24.420000000,2025-09-29
7302,146410,2025-09-30,3,4690,4,385,Cold Box Soprado,Sopradora,Silica,1,1,peça,4,1,8,0,8,2,1,3,2025-09-26,2025-09-26,29/09/2025 07:45:24,14,14,2025-09-29 07:45:24.420000000,2025-09-29
7303,146410,2025-09-30,3,4690,20,2629,Cold Box Soprado,Sopradora,Silica,2,1,peça,3,1,8,0,6,2,1,3,2025-09-26,2025-09-26,29/09/2025 07:45:24,14,14,2025-09-29 07:45:24.420000000,2025-09-29
7304,146411,2025-09-30,4,4690,1,113,Cold Box Gasado,Cold Box 4,Silica,21,1,peça,1,1,8,0,8,8,3,20,2025-09-26,2025-09-26,29/09/2025 07:45:24,14,14,2025-09-29 07:45:24.420000000,2025-09-29
7305,146411,2025-09-30,4,4690,4,385,Cold Box Soprado,Sopradora,Silica,1,1,peça,4,1,8,0,8,2,1,3,2025-09-26,2025-09-26,29/09/2025 07:45:24,14,14,2025-09-29 07:45:24.420000000,2025-09-29
7306,146411,2025-09-30,4,4690,20,2629,Cold Box Soprado,Sopradora,Silica,2,1,peça,3,1,8,0,6,2,1,3,2025-09-26,2025-09-26,29/09/2025 07:45:24,14,14,2025-09-29 07:45:24.420000000,2025-09-29
7307,146412,2025-10-01,1,4690,1,113,Cold Box Gasado,Cold Box 4,Silica,21,1,peça,1,1,8,0,8,8,3,20,2025-09-29,2025-09-29,29/09/2025 07:45:24,14,14,2025-09-29 07:45:24.420000000,2025-09-29
7308,146412,2025-10-01,1,4690,4,385,Cold Box Soprado,Sopradora,Silica,1,1,peça,4,1,8,0,8,2,1,3,2025-09-29,2025-09-29,29/09/2025 07:45:24,14,14,2025-09-29 07:45:24.420000000,2025-09-29
7309,146412,2025-10-01,1,4690,20,2629,Cold Box Soprado,Sopradora,Silica,2,1,peça,3,1,8,0,6,2,1,3,2025-09-29,2025-09-29,29/09/2025 07:45:24,14,14,2025-09-29 07:45:24.420000000,2025-09-29
7310,146413,2025-10-01,5,4690,1,113,Cold Box Gasado,Cold Box 4,Silica,21,1,peça,1,1,8,0,8,8,3,20,2025-09-29,2025-09-29,29/09/2025 07:45:24,14,14,2025-09-29 07:45:24.420000000,2025-09-29
7311,146413,2025-10-01,5,4690,4,385,Cold Box Soprado,Sopradora,Silica,1,1,peça,4,1,8,0,8,2,1,3,2025-09-29,2025-09-29,29/09/2025 07:45:24,14,14,2025-09-29 07:45:24.420000000,2025-09-29
7312,146413,2025-10-01,5,4690,20,2629,Cold Box Soprado,Sopradora,Silica,2,1,peça,3,1,8,0,6,2,1,3,2025-09-29,2025-09-29,29/09/2025 07:45:24,14,14,2025-09-29 07:45:24.420000000,2025-09-29
7313,146414,2025-10-01,15,4690,4,385,Cold Box Soprado,Sopradora,Silica,1,1,peça,4,1,8,0,8,2,1,3,2025-09-29,2025-09-29,29/09/2025 07:45:24,14,14,2025-09-29 07:45:24.420000000,2025-09-29
7314,146414,2025-10-01,15,4690,20,2629,Cold Box Soprado,Sopradora,Silica,2,1,peça,3,1,8,0,6,2,1,3,2025-09-29,2025-09-29,29/09/2025 07:45:24,14,14,2025-09-29 07:45:24.420000000,2025-09-29
7315,146415,2025-10-02,1,4690,1,113,Cold Box Gasado,Cold Box 4,Silica,21,1,peça,1,1,8,0,8,8,3,20,2025-09-30,2025-09-30,29/09/2025 07:45:24,14,14,2025-09-29 07:45:24.420000000,2025-09-29
7316,146415,2025-10-02,1,4690,3,98,Cold Box Gasado,Cold Box Pequena,Silica,3,1,peça,1,1,8,0,8,8,3,20,2025-09-30,2025-09-30,29/09/2025 07:45:24,14,14,2025-09-29 07:45:24.420000000,2025-09-29
7317,146415,2025-10-02,1,4690,4,385,Cold Box Soprado,Sopradora,Silica,1,1,peça,4,1,8,0,8,2,1,3,2025-09-30,2025-09-30,29/09/2025 07:45:24,14,14,2025-09-29 07:45:24.420000000,2025-09-29
7318,146415,2025-10-02,1,4690,20,2629,Cold Box Soprado,Sopradora,Silica,2,1,peça,3,1,8,0,6,2,1,3,2025-09-30,2025-09-30,29/09/2025 07:45:24,14,14,2025-09-29 07:45:24.420000000,2025-09-29
7319,146416,2025-10-02,5,4690,1,113,Cold Box Gasado,Cold Box 4,Silica,21,1,peça,1,1,8,0,8,8,3,20,2025-09-30,2025-09-30,29/09/2025 07:45:24,14,14,2025-09-29 07:45:24.420000000,2025-09-29
7320,146416,2025-10-02,5,4690,3,98,Cold Box Gasado,Cold Box Pequena,Silica,3,1,peça,1,1,8,0,8,8,3,20,2025-09-30,2025-09-30,29/09/2025 07:45:24,14,14,2025-09-29 07:45:24.420000000,2025-09-29
7321,146416,2025-10-02,5,4690,4,385,Cold Box Soprado,Sopradora,Silica,1,1,peça,4,1,8,0,8,2,1,3,2025-09-30,2025-09-30,29/09/2025 07:45:24,14,14,2025-09-29 07:45:24.420000000,2025-09-29
7322,146416,2025-10-02,5,4690,20,2629,Cold Box Soprado,Sopradora,Silica,2,1,peça,3,1,8,0,6,2,1,3,2025-09-30,2025-09-30,29/09/2025 07:45:24,14,14,2025-09-29 07:45:24.420000000,2025-09-29
7323,146417,2025-10-02,12,4690,1,113,Cold Box Gasado,Cold Box 4,Silica,21,1,peça,1,1,8,0,8,8,3,20,2025-09-30,2025-09-30,29/09/2025 07:45:24,14,14,2025-09-29 07:45:24.420000000,2025-09-29
7324,146417,2025-10-02,12,4690,3,98,Cold Box Gasado,Cold Box Pequena,Silica,3,1,peça,1,1,8,0,8,8,3,20,2025-09-30,2025-09-30,29/09/2025 07:45:24,14,14,2025-09-29 07:45:24.420000000,2025-09-29
7325,146417,2025-10-02,12,4690,4,385,Cold Box Soprado,Sopradora,Silica,1,1,peça,4,1,8,0,8,2,1,3,2025-09-30,2025-09-30,29/09/2025 07:45:24,14,14,2025-09-29 07:45:24.420000000,2025-09-29
7326,146417,2025-10-02,12,4690,20,2629,Cold Box Soprado,Sopradora,Silica,2,1,peça,3,1,8,0,6,2,1,3,2025-09-30,2025-09-30,29/09/2025 07:45:24,14,14,2025-09-29 07:45:24.420000000,2025-09-29
7327,146418,2025-10-03,1,4690,1,113,Cold Box Gasado,Cold Box 4,Silica,21,1,peça,1,1,8,0,8,8,3,20,2025-10-01,2025-10-01,29/09/2025 07:45:24,14,14,2025-09-29 07:45:24.420000000,2025-09-29
7328,146418,2025-10-03,1,4690,2,114,Pep Set,Carrossel,Silica,3,1,peça,2,2,8,0,8,4,1,5,2025-10-01,2025-10-01,29/09/2025 07:45:24,14,14,2025-09-29 07:45:24.420000000,2025-09-29
7329,146418,2025-10-03,1,4690,3,98,Cold Box Gasado,Cold Box Pequena,Silica,3,1,peça,1,1,8,0,8,8,3,20,2025-10-01,2025-10-01,29/09/2025 07:45:24,14,14,2025-09-29 07:45:24.420000000,2025-09-29
7330,146418,2025-10-03,1,4690,4,385,Cold Box Soprado,Sopradora,Silica,1,1,peça,4,1,8,0,8,2,1,3,2025-10-01,2025-10-01,29/09/2025 07:45:24,14,14,2025-09-29 07:45:24.420000000,2025-09-29
7331,146418,2025-10-03,1,4690,20,2629,Cold Box Soprado,Sopradora,Silica,2,1,peça,3,1,8,0,6,2,1,3,2025-10-01,2025-10-01,29/09/2025 07:45:24,14,14,2025-09-29 07:45:24.420000000,2025-09-29
7332,146419,2025-10-03,8,4690,1,113,Cold Box Gasado,Cold Box 4,Silica,21,1,peça,1,1,8,0,8,8,3,20,2025-10-01,2025-10-01,29/09/2025 07:45:24,14,14,2025-09-29 07:45:24.420000000,2025-09-29
7333,146419,2025-10-03,8,4690,2,114,Pep Set,Carrossel,Silica,3,1,peça,2,2,8,0,8,4,1,5,2025-10-01,2025-10-01,29/09/2025 07:45:24,14,14,2025-09-29 07:45:24.420000000,2025-09-29
7334,146419,2025-10-03,8,4690,3,98,Cold Box Gasado,Cold Box Pequena,Silica,3,1,peça,1,1,8,0,8,8,3,20,2025-10-01,2025-10-01,29/09/2025 07:45:24,14,14,2025-09-29 07:45:24.420000000,2025-09-29
7335,146419,2025-10-03,8,4690,4,385,Cold Box Soprado,Sopradora,Silica,1,1,peça,4,1,8,0,8,2,1,3,2025-10-01,2025-10-01,29/09/2025 07:45:24,14,14,2025-09-29 07:45:24.420000000,2025-09-29
7336,146419,2025-10-03,8,4690,20,2629,Cold Box Soprado,Sopradora,Silica,2,1,peça,3,1,8,0,6,2,1,3,2025-10-01,2025-10-01,29/09/2025 07:45:24,14,14,2025-09-29 07:45:24.420000000,2025-09-29
7337,146420,2025-10-06,1,4690,1,113,Cold Box Gasado,Cold Box 4,Silica,21,1,peça,1,1,8,0,8,8,3,20,2025-10-02,2025-10-02,29/09/2025 07:45:24,14,14,2025-09-29 07:45:24.420000000,2025-09-29
7338,146420,2025-10-06,1,4690,2,114,Pep Set,Carrossel,Silica,3,1,peça,2,2,8,0,8,4,1,5,2025-10-02,2025-10-02,29/09/2025 07:45:24,14,14,2025-09-29 07:45:24.420000000,2025-09-29
7339,146420,2025-10-06,1,4690,3,98,Cold Box Gasado,Cold Box Pequena,Silica,3,1,peça,1,1,8,0,8,8,3,20,2025-10-02,2025-10-02,29/09/2025 07:45:24,14,14,2025-09-29 07:45:24.420000000,2025-09-29
7340,146420,2025-10-06,1,4690,4,385,Cold Box Soprado,Sopradora,Silica,1,1,peça,4,1,8,0,8,2,1,3,2025-10-02,2025-10-02,29/09/2025 07:45:24,14,14,2025-09-29 07:45:24.420000000,2025-09-29
7341,146420,2025-10-06,1,4690,20,2629,Cold Box Soprado,Sopradora,Silica,2,1,peça,3,1,8,0,6,2,1,3,2025-10-02,2025-10-02,29/09/2025 07:45:24,14,14,2025-09-29 07:45:24.420000000,2025-09-29
7342,146421,2025-10-06,5,4690,1,113,Cold Box Gasado,Cold Box 4,Silica,21,1,peça,1,1,8,0,8,8,3,20,2025-10-02,2025-10-02,29/09/2025 07:45:24,14,14,2025-09-29 07:45:24.420000000,2025-09-29
7343,146421,2025-10-06,5,4690,2,114,Pep Set,Carrossel,Silica,3,1,peça,2,2,8,0,8,4,1,5,2025-10-02,2025-10-02,29/09/2025 07:45:24,14,14,2025-09-29 07:45:24.420000000,2025-09-29
7344,146421,2025-10-06,5,4690,3,98,Cold Box Gasado,Cold Box Pequena,Silica,3,1,peça,1,1,8,0,8,8,3,20,2025-10-02,2025-10-02,29/09/2025 07:45:24,14,14,2025-09-29 07:45:24.420000000,2025-09-29
7345,146421,2025-10-06,5,4690,4,385,Cold Box Soprado,Sopradora,Silica,1,1,peça,4,1,8,0,8,2,1,3,2025-10-02,2025-10-02,29/09/2025 07:45:24,14,14,2025-09-29 07:45:24.420000000,2025-09-29
7346,146421,2025-10-06,5,4690,20,2629,Cold Box Soprado,Sopradora,Silica,2,1,peça,3,1,8,0,6,2,1,3,2025-10-02,2025-10-02,29/09/2025 07:45:24,14,14,2025-09-29 07:45:24.420000000,2025-09-29
7347,146422,2025-10-07,2,4690,1,113,Cold Box Gasado,Cold Box 4,Silica,21,1,peça,1,1,8,0,8,8,3,20,2025-10-03,2025-10-03,29/09/2025 07:45:24,14,14,2025-09-29 07:45:24.420000000,2025-09-29
7348,146422,2025-10-07,2,4690,2,114,Pep Set,Carrossel,Silica,3,1,peça,2,2,8,0,8,4,1,5,2025-10-03,2025-10-03,29/09/2025 07:45:24,14,14,2025-09-29 07:45:24.420000000,2025-09-29
7349,146422,2025-10-07,2,4690,3,98,Cold Box Gasado,Cold Box Pequena,Silica,3,1,peça,1,1,8,0,8,8,3,20,2025-10-03,2025-10-03,29/09/2025 07:45:24,14,14,2025-09-29 07:45:24.420000000,2025-09-29
7350,146422,2025-10-07,2,4690,4,385,Cold Box Soprado,Sopradora,Silica,1,1,peça,4,1,8,0,8,2,1,3,2025-10-03,2025-10-03,29/09/2025 07:45:24,14,14,2025-09-29 07:45:24.420000000,2025-09-29
7351,146422,2025-10-07,2,4690,20,2629,Cold Box Soprado,Sopradora,Silica,2,1,peça,3,1,8,0,6,2,1,3,2025-10-03,2025-10-03,29/09/2025 07:45:24,14,14,2025-09-29 07:45:24.420000000,2025-09-29
7352,146423,2025-10-07,9,4690,1,113,Cold Box Gasado,Cold Box 4,Silica,21,1,peça,1,1,8,0,8,8,3,20,2025-10-03,2025-10-03,29/09/2025 07:45:24,14,14,2025-09-29 07:45:24.420000000,2025-09-29
7353,146423,2025-10-07,9,4690,2,114,Pep Set,Carrossel,Silica,3,1,peça,2,2,8,0,8,4,1,5,2025-10-03,2025-10-03,29/09/2025 07:45:24,14,14,2025-09-29 07:45:24.420000000,2025-09-29
7354,146423,2025-10-07,9,4690,3,98,Cold Box Gasado,Cold Box Pequena,Silica,3,1,peça,1,1,8,0,8,8,3,20,2025-10-03,2025-10-03,29/09/2025 07:45:24,14,14,2025-09-29 07:45:24.420000000,2025-09-29
7355,146423,2025-10-07,9,4690,4,385,Cold Box Soprado,Sopradora,Silica,1,1,peça,4,1,8,0,8,2,1,3,2025-10-03,2025-10-03,29/09/2025 07:45:24,14,14,2025-09-29 07:45:24.420000000,2025-09-29
7356,146423,2025-10-07,9,4690,20,2629,Cold Box Soprado,Sopradora,Silica,2,1,peça,3,1,8,0,6,2,1,3,2025-10-03,2025-10-03,29/09/2025 07:45:24,14,14,2025-09-29 07:45:24.420000000,2025-09-29
7357,146424,2025-10-08,1,4690,1,113,Cold Box Gasado,Cold Box 4,Silica,21,1,peça,1,1,8,0,8,8,3,20,2025-10-06,2025-10-06,29/09/2025 07:45:24,14,14,2025-09-29 07:45:24.420000000,2025-09-29
7358,146424,2025-10-08,1,4690,2,114,Pep Set,Carrossel,Silica,3,1,peça,2,2,8,0,8,4,1,5,2025-10-06,2025-10-06,29/09/2025 07:45:24,14,14,2025-09-29 07:45:24.420000000,2025-09-29
7359,146424,2025-10-08,1,4690,3,98,Cold Box Gasado,Cold Box Pequena,Silica,3,1,peça,1,1,8,0,8,8,3,20,2025-10-06,2025-10-06,29/09/2025 07:45:24,14,14,2025-09-29 07:45:24.420000000,2025-09-29
7360,146424,2025-10-08,1,4690,4,385,Cold Box Soprado,Sopradora,Silica,1,1,peça,4,1,8,0,8,2,1,3,2025-10-06,2025-10-06,29/09/2025 07:45:24,14,14,2025-09-29 07:45:24.420000000,2025-09-29
7361,146424,2025-10-08,1,4690,20,2629,Cold Box Soprado,Sopradora,Silica,2,1,peça,3,1,8,0,6,2,1,3,2025-10-06,2025-10-06,29/09/2025 07:45:24,14,14,2025-09-29 07:45:24.420000000,2025-09-29
7362,146425,2025-10-08,4,4690,1,113,Cold Box Gasado,Cold Box 4,Silica,21,1,peça,1,1,8,0,8,8,3,20,2025-10-06,2025-10-06,29/09/2025 07:45:24,14,14,2025-09-29 07:45:24.420000000,2025-09-29
7363,146425,2025-10-08,4,4690,2,114,Pep Set,Carrossel,Silica,3,1,peça,2,2,8,0,8,4,1,5,2025-10-06,2025-10-06,29/09/2025 07:45:24,14,14,2025-09-29 07:45:24.420000000,2025-09-29
7364,146425,2025-10-08,4,4690,3,98,Cold Box Gasado,Cold Box Pequena,Silica,3,1,peça,1,1,8,0,8,8,3,20,2025-10-06,2025-10-06,29/09/2025 07:45:24,14,14,2025-09-29 07:45:24.420000000,2025-09-29
7365,146425,2025-10-08,4,4690,4,385,Cold Box Soprado,Sopradora,Silica,1,1,peça,4,1,8,0,8,2,1,3,2025-10-06,2025-10-06,29/09/2025 07:45:24,14,14,2025-09-29 07:45:24.420000000,2025-09-29
7366,146425,2025-10-08,4,4690,20,2629,Cold Box Soprado,Sopradora,Silica,2,1,peça,3,1,8,0,6,2,1,3,2025-10-06,2025-10-06,29/09/2025 07:45:24,14,14,2025-09-29 07:45:24.420000000,2025-09-29
7367,146426,2025-10-08,6,4690,1,113,Cold Box Gasado,Cold Box 4,Silica,21,1,peça,1,1,8,0,8,8,3,20,2025-10-06,2025-10-06,29/09/2025 07:45:24,14,14,2025-09-29 07:45:24.420000000,2025-09-29
7368,146426,2025-10-08,6,4690,2,114,Pep Set,Carrossel,Silica,3,1,peça,2,2,8,0,8,4,1,5,2025-10-06,2025-10-06,29/09/2025 07:45:24,14,14,2025-09-29 07:45:24.420000000,2025-09-29
7369,146426,2025-10-08,6,4690,3,98,Cold Box Gasado,Cold Box Pequena,Silica,3,1,peça,1,1,8,0,8,8,3,20,2025-10-06,2025-10-06,29/09/2025 07:45:24,14,14,2025-09-29 07:45:24.420000000,2025-09-29
7370,146426,2025-10-08,6,4690,4,385,Cold Box Soprado,Sopradora,Silica,1,1,peça,4,1,8,0,8,2,1,3,2025-10-06,2025-10-06,29/09/2025 07:45:24,14,14,2025-09-29 07:45:24.420000000,2025-09-29
7371,146426,2025-10-08,6,4690,20,2629,Cold Box Soprado,Sopradora,Silica,2,1,peça,3,1,8,0,6,2,1,3,2025-10-06,2025-10-06,29/09/2025 07:45:24,14,14,2025-09-29 07:45:24.420000000,2025-09-29
7372,146438,2025-10-08,15,947,1,87,Pep Set,Carrossel,Silica,22,1,peça,1,2,20,0,20,20,1,25,2025-10-06,2025-10-06,29/09/2025 07:45:24,14,14,2025-09-29 07:45:24.420000000,2025-09-29
7373,146438,2025-10-08,15,947,2,88,Pep Set,Carrossel,Silica,16,1,peça,1,2,20,0,20,20,1,25,2025-10-06,2025-10-06,29/09/2025 07:45:24,14,14,2025-09-29 07:45:24.420000000,2025-09-29
7374,146438,2025-10-08,15,947,3,89,Pep Set,Carrossel,Silica,9,1,peça,1,2,20,0,20,20,1,25,2025-10-06,2025-10-06,29/09/2025 07:45:24,14,14,2025-09-29 07:45:24.420000000,2025-09-29
7375,146438,2025-10-08,15,947,4,94,Pep Set,Carrossel,Silica,5,1,peça,1,2,20,0,20,20,1,25,2025-10-06,2025-10-06,29/09/2025 07:45:24,14,14,2025-09-29 07:45:24.420000000,2025-09-29
7376,146441,2025-10-06,9,947,1,87,Pep Set,Carrossel,Silica,22,1,peça,1,2,20,0,20,20,1,25,2025-10-02,2025-10-02,29/09/2025 07:45:24,14,14,2025-09-29 07:45:24.420000000,2025-09-29
7377,146441,2025-10-06,9,947,2,88,Pep Set,Carrossel,Silica,16,1,peça,1,2,20,0,20,20,1,25,2025-10-02,2025-10-02,29/09/2025 07:45:24,14,14,2025-09-29 07:45:24.420000000,2025-09-29
7378,146441,2025-10-06,9,947,3,89,Pep Set,Carrossel,Silica,9,1,peça,1,2,20,0,20,20,1,25,2025-10-02,2025-10-02,29/09/2025 07:45:24,14,14,2025-09-29 07:45:24.420000000,2025-09-29
7379,146441,2025-10-06,9,947,4,94,Pep Set,Carrossel,Silica,5,1,peça,1,2,20,0,20,20,1,25,2025-10-02,2025-10-02,29/09/2025 07:45:24,14,14,2025-09-29 07:45:24.420000000,2025-09-29
7380,146460,2025-09-30,2,4805,3,2692,Cold Box Soprado,Sopradora,Silica,3,1,peça,2,1,8,0,8,4,1,6,2025-09-26,2025-09-26,29/09/2025 07:45:24,14,14,2025-09-29 07:45:24.420000000,2025-09-29
7381,146460,2025-09-30,2,4805,4,2693,Cold Box Soprado,Sopradora,Silica,1,4,peça,4,1,8,0,32,8,1,11,2025-09-26,2025-09-26,29/09/2025 07:45:24,14,14,2025-09-29 07:45:24.420000000,2025-09-29
7382,146460,2025-09-30,2,4805,20,2629,Cold Box Soprado,Sopradora,Silica,2,2,peça,3,1,8,0,12,4,1,6,2025-09-26,2025-09-26,29/09/2025 07:45:24,14,14,2025-09-29 07:45:24.420000000,2025-09-29
7383,146461,2025-09-30,8,4805,3,2692,Cold Box Soprado,Sopradora,Silica,3,1,peça,2,1,8,0,8,4,1,6,2025-09-26,2025-09-26,29/09/2025 07:45:24,14,14,2025-09-29 07:45:24.420000000,2025-09-29
7384,146461,2025-09-30,8,4805,4,2693,Cold Box Soprado,Sopradora,Silica,1,4,peça,4,1,8,0,32,8,1,11,2025-09-26,2025-09-26,29/09/2025 07:45:24,14,14,2025-09-29 07:45:24.420000000,2025-09-29
7385,146461,2025-09-30,8,4805,20,2629,Cold Box Soprado,Sopradora,Silica,2,2,peça,3,1,8,0,12,4,1,6,2025-09-26,2025-09-26,29/09/2025 07:45:24,14,14,2025-09-29 07:45:24.420000000,2025-09-29
7386,146462,2025-09-30,13,4805,3,2692,Cold Box Soprado,Sopradora,Silica,3,1,peça,2,1,8,0,8,4,1,6,2025-09-26,2025-09-26,29/09/2025 07:45:24,14,14,2025-09-29 07:45:24.420000000,2025-09-29
7387,146462,2025-09-30,13,4805,4,2693,Cold Box Soprado,Sopradora,Silica,1,4,peça,4,1,8,0,32,8,1,11,2025-09-26,2025-09-26,29/09/2025 07:45:24,14,14,2025-09-29 07:45:24.420000000,2025-09-29
7388,146462,2025-09-30,13,4805,20,2629,Cold Box Soprado,Sopradora,Silica,2,2,peça,3,1,8,0,12,4,1,6,2025-09-26,2025-09-26,29/09/2025 07:45:24,14,14,2025-09-29 07:45:24.420000000,2025-09-29
7389,146463,2025-10-01,2,4805,3,2692,Cold Box Soprado,Sopradora,Silica,3,1,peça,2,1,8,0,8,4,1,6,2025-09-29,2025-09-29,29/09/2025 07:45:24,14,14,2025-09-29 07:45:24.420000000,2025-09-29
7390,146463,2025-10-01,2,4805,4,2693,Cold Box Soprado,Sopradora,Silica,1,4,peça,4,1,8,0,32,8,1,11,2025-09-29,2025-09-29,29/09/2025 07:45:24,14,14,2025-09-29 07:45:24.420000000,2025-09-29
7391,146463,2025-10-01,2,4805,20,2629,Cold Box Soprado,Sopradora,Silica,2,2,peça,3,1,8,0,12,4,1,6,2025-09-29,2025-09-29,29/09/2025 07:45:24,14,14,2025-09-29 07:45:24.420000000,2025-09-29
7392,146464,2025-10-01,9,4805,3,2692,Cold Box Soprado,Sopradora,Silica,3,1,peça,2,1,8,0,8,4,1,6,2025-09-29,2025-09-29,29/09/2025 07:45:24,14,14,2025-09-29 07:45:24.420000000,2025-09-29
7393,146464,2025-10-01,9,4805,4,2693,Cold Box Soprado,Sopradora,Silica,1,4,peça,4,1,8,0,32,8,1,11,2025-09-29,2025-09-29,29/09/2025 07:45:24,14,14,2025-09-29 07:45:24.420000000,2025-09-29
7394,146464,2025-10-01,9,4805,20,2629,Cold Box Soprado,Sopradora,Silica,2,2,peça,3,1,8,0,12,4,1,6,2025-09-29,2025-09-29,29/09/2025 07:45:24,14,14,2025-09-29 07:45:24.420000000,2025-09-29
7395,146465,2025-10-02,2,4805,1,2690,Cold Box Gasado,Cold Box 4,Silica,3,2,peça,1,1,8,0,16,16,3,40,2025-09-30,2025-09-30,29/09/2025 07:45:24,14,14,2025-09-29 07:45:24.420000000,2025-09-29
7396,146465,2025-10-02,2,4805,2,2691,Cold Box Gasado,Cold Box 4,Silica,3,2,peça,1,1,8,0,16,16,3,40,2025-09-30,2025-09-30,29/09/2025 07:45:24,14,14,2025-09-29 07:45:24.420000000,2025-09-29
7397,146465,2025-10-02,2,4805,3,2692,Cold Box Soprado,Sopradora,Silica,3,1,peça,2,1,8,0,8,4,1,6,2025-09-30,2025-09-30,29/09/2025 07:45:24,14,14,2025-09-29 07:45:24.420000000,2025-09-29
7398,146465,2025-10-02,2,4805,4,2693,Cold Box Soprado,Sopradora,Silica,1,4,peça,4,1,8,0,32,8,1,11,2025-09-30,2025-09-30,29/09/2025 07:45:24,14,14,2025-09-29 07:45:24.420000000,2025-09-29
7399,146465,2025-10-02,2,4805,5,2694,Pep Set,Vibrado,Silica,77,1,peça,1,2,8,1,7,7,28,196,2025-09-30,2025-09-30,29/09/2025 07:45:24,14,14,2025-09-29 07:45:24.420000000,2025-09-29
7400,146465,2025-10-02,2,4805,6,2695,Pep Set,Carrossel,Silica,8,1,peça,1,1,8,0,8,8,1,10,2025-09-30,2025-09-30,29/09/2025 07:45:24,14,14,2025-09-29 07:45:24.420000000,2025-09-29
7401,146465,2025-10-02,2,4805,7,2696,Pep Set,Carrossel,Silica,8,1,peça,1,1,8,0,8,8,1,10,2025-09-30,2025-09-30,29/09/2025 07:45:24,14,14,2025-09-29 07:45:24.420000000,2025-09-29
7402,146465,2025-10-02,2,4805,8,2697,Pep Set,Carrossel,Silica,8,1,peça,1,1,8,0,8,8,1,10,2025-09-30,2025-09-30,29/09/2025 07:45:24,14,14,2025-09-29 07:45:24.420000000,2025-09-29
7403,146465,2025-10-02,2,4805,9,2698,Pep Set,Carrossel,Silica,8,1,peça,1,1,8,0,8,8,1,10,2025-09-30,2025-09-30,29/09/2025 07:45:24,14,14,2025-09-29 07:45:24.420000000,2025-09-29
7404,146465,2025-10-02,2,4805,20,2629,Cold Box Soprado,Sopradora,Silica,2,2,peça,3,1,8,0,12,4,1,6,2025-09-30,2025-09-30,29/09/2025 07:45:24,14,14,2025-09-29 07:45:24.420000000,2025-09-29
7405,146466,2025-10-02,8,4805,1,2690,Cold Box Gasado,Cold Box 4,Silica,3,2,peça,1,1,8,0,16,16,3,40,2025-09-30,2025-09-30,29/09/2025 07:45:24,14,14,2025-09-29 07:45:24.420000000,2025-09-29
7406,146466,2025-10-02,8,4805,2,2691,Cold Box Gasado,Cold Box 4,Silica,3,2,peça,1,1,8,0,16,16,3,40,2025-09-30,2025-09-30,29/09/2025 07:45:24,14,14,2025-09-29 07:45:24.420000000,2025-09-29
7407,146466,2025-10-02,8,4805,3,2692,Cold Box Soprado,Sopradora,Silica,3,1,peça,2,1,8,0,8,4,1,6,2025-09-30,2025-09-30,29/09/2025 07:45:24,14,14,2025-09-29 07:45:24.420000000,2025-09-29
7408,146466,2025-10-02,8,4805,4,2693,Cold Box Soprado,Sopradora,Silica,1,4,peça,4,1,8,0,32,8,1,11,2025-09-30,2025-09-30,29/09/2025 07:45:24,14,14,2025-09-29 07:45:24.420000000,2025-09-29
7409,146466,2025-10-02,8,4805,5,2694,Pep Set,Vibrado,Silica,77,1,peça,1,2,8,0,8,8,28,224,2025-09-30,2025-09-30,29/09/2025 07:45:24,14,14,2025-09-29 07:45:24.420000000,2025-09-29
7410,146466,2025-10-02,8,4805,6,2695,Pep Set,Carrossel,Silica,8,1,peça,1,1,8,0,8,8,1,10,2025-09-30,2025-09-30,29/09/2025 07:45:24,14,14,2025-09-29 07:45:24.420000000,2025-09-29
7411,146466,2025-10-02,8,4805,7,2696,Pep Set,Carrossel,Silica,8,1,peça,1,1,8,0,8,8,1,10,2025-09-30,2025-09-30,29/09/2025 07:45:24,14,14,2025-09-29 07:45:24.420000000,2025-09-29
7412,146466,2025-10-02,8,4805,8,2697,Pep Set,Carrossel,Silica,8,1,peça,1,1,8,0,8,8,1,10,2025-09-30,2025-09-30,29/09/2025 07:45:24,14,14,2025-09-29 07:45:24.420000000,2025-09-29
7413,146466,2025-10-02,8,4805,9,2698,Pep Set,Carrossel,Silica,8,1,peça,1,1,8,0,8,8,1,10,2025-09-30,2025-09-30,29/09/2025 07:45:24,14,14,2025-09-29 07:45:24.420000000,2025-09-29
7414,146466,2025-10-02,8,4805,20,2629,Cold Box Soprado,Sopradora,Silica,2,2,peça,3,1,8,0,12,4,1,6,2025-09-30,2025-09-30,29/09/2025 07:45:24,14,14,2025-09-29 07:45:24.420000000,2025-09-29
7415,146467,2025-10-02,15,4805,1,2690,Cold Box Gasado,Cold Box 4,Silica,3,2,peça,1,1,8,0,16,16,3,40,2025-09-30,2025-09-30,29/09/2025 07:45:24,14,14,2025-09-29 07:45:24.420000000,2025-09-29
7416,146467,2025-10-02,15,4805,2,2691,Cold Box Gasado,Cold Box 4,Silica,3,2,peça,1,1,8,0,16,16,3,40,2025-09-30,2025-09-30,29/09/2025 07:45:24,14,14,2025-09-29 07:45:24.420000000,2025-09-29
7417,146467,2025-10-02,15,4805,3,2692,Cold Box Soprado,Sopradora,Silica,3,1,peça,2,1,8,0,8,4,1,6,2025-09-30,2025-09-30,29/09/2025 07:45:24,14,14,2025-09-29 07:45:24.420000000,2025-09-29
7418,146467,2025-10-02,15,4805,4,2693,Cold Box Soprado,Sopradora,Silica,1,4,peça,4,1,8,0,32,8,1,11,2025-09-30,2025-09-30,29/09/2025 07:45:24,14,14,2025-09-29 07:45:24.420000000,2025-09-29
7419,146467,2025-10-02,15,4805,5,2694,Pep Set,Vibrado,Silica,77,1,peça,1,2,8,0,8,8,28,224,2025-09-30,2025-09-30,29/09/2025 07:45:24,14,14,2025-09-29 07:45:24.420000000,2025-09-29
7420,146467,2025-10-02,15,4805,6,2695,Pep Set,Carrossel,Silica,8,1,peça,1,1,8,0,8,8,1,10,2025-09-30,2025-09-30,29/09/2025 07:45:24,14,14,2025-09-29 07:45:24.420000000,2025-09-29
7421,146467,2025-10-02,15,4805,7,2696,Pep Set,Carrossel,Silica,8,1,peça,1,1,8,0,8,8,1,10,2025-09-30,2025-09-30,29/09/2025 07:45:24,14,14,2025-09-29 07:45:24.420000000,2025-09-29
7422,146467,2025-10-02,15,4805,8,2697,Pep Set,Carrossel,Silica,8,1,peça,1,1,8,0,8,8,1,10,2025-09-30,2025-09-30,29/09/2025 07:45:24,14,14,2025-09-29 07:45:24.420000000,2025-09-29
7423,146467,2025-10-02,15,4805,9,2698,Pep Set,Carrossel,Silica,8,1,peça,1,1,8,0,8,8,1,10,2025-09-30,2025-09-30,29/09/2025 07:45:24,14,14,2025-09-29 07:45:24.420000000,2025-09-29
7424,146467,2025-10-02,15,4805,20,2629,Cold Box Soprado,Sopradora,Silica,2,2,peça,3,1,8,0,12,4,1,6,2025-09-30,2025-09-30,29/09/2025 07:45:24,14,14,2025-09-29 07:45:24.420000000,2025-09-29
7425,146468,2025-10-06,2,4805,1,2690,Cold Box Gasado,Cold Box 4,Silica,3,2,peça,1,1,8,0,16,16,3,40,2025-10-02,2025-10-02,29/09/2025 07:45:24,14,14,2025-09-29 07:45:24.420000000,2025-09-29
7426,146468,2025-10-06,2,4805,2,2691,Cold Box Gasado,Cold Box 4,Silica,3,2,peça,1,1,8,0,16,16,3,40,2025-10-02,2025-10-02,29/09/2025 07:45:24,14,14,2025-09-29 07:45:24.420000000,2025-09-29
7427,146468,2025-10-06,2,4805,3,2692,Cold Box Soprado,Sopradora,Silica,3,1,peça,2,1,8,0,8,4,1,6,2025-10-02,2025-10-02,29/09/2025 07:45:24,14,14,2025-09-29 07:45:24.420000000,2025-09-29
7428,146468,2025-10-06,2,4805,4,2693,Cold Box Soprado,Sopradora,Silica,1,4,peça,4,1,8,0,32,8,1,11,2025-10-02,2025-10-02,29/09/2025 07:45:24,14,14,2025-09-29 07:45:24.420000000,2025-09-29
7429,146468,2025-10-06,2,4805,5,2694,Pep Set,Vibrado,Silica,77,1,peça,1,2,8,0,8,8,28,224,2025-10-02,2025-10-02,29/09/2025 07:45:24,14,14,2025-09-29 07:45:24.420000000,2025-09-29
7430,146468,2025-10-06,2,4805,6,2695,Pep Set,Carrossel,Silica,8,1,peça,1,1,8,0,8,8,1,10,2025-10-02,2025-10-02,29/09/2025 07:45:24,14,14,2025-09-29 07:45:24.420000000,2025-09-29
7431,146468,2025-10-06,2,4805,7,2696,Pep Set,Carrossel,Silica,8,1,peça,1,1,8,0,8,8,1,10,2025-10-02,2025-10-02,29/09/2025 07:45:24,14,14,2025-09-29 07:45:24.420000000,2025-09-29
7432,146468,2025-10-06,2,4805,8,2697,Pep Set,Carrossel,Silica,8,1,peça,1,1,8,0,8,8,1,10,2025-10-02,2025-10-02,29/09/2025 07:45:24,14,14,2025-09-29 07:45:24.420000000,2025-09-29
7433,146468,2025-10-06,2,4805,9,2698,Pep Set,Carrossel,Silica,8,1,peça,1,1,8,0,8,8,1,10,2025-10-02,2025-10-02,29/09/2025 07:45:24,14,14,2025-09-29 07:45:24.420000000,2025-09-29
7434,146468,2025-10-06,2,4805,20,2629,Cold Box Soprado,Sopradora,Silica,2,2,peça,3,1,8,0,12,4,1,6,2025-10-02,2025-10-02,29/09/2025 07:45:24,14,14,2025-09-29 07:45:24.420000000,2025-09-29
7435,146469,2025-10-06,7,4805,1,2690,Cold Box Gasado,Cold Box 4,Silica,3,2,peça,1,1,8,0,16,16,3,40,2025-10-02,2025-10-02,29/09/2025 07:45:24,14,14,2025-09-29 07:45:24.420000000,2025-09-29
7436,146469,2025-10-06,7,4805,2,2691,Cold Box Gasado,Cold Box 4,Silica,3,2,peça,1,1,8,0,16,16,3,40,2025-10-02,2025-10-02,29/09/2025 07:45:24,14,14,2025-09-29 07:45:24.420000000,2025-09-29
7437,146469,2025-10-06,7,4805,3,2692,Cold Box Soprado,Sopradora,Silica,3,1,peça,2,1,8,0,8,4,1,6,2025-10-02,2025-10-02,29/09/2025 07:45:24,14,14,2025-09-29 07:45:24.420000000,2025-09-29
7438,146469,2025-10-06,7,4805,4,2693,Cold Box Soprado,Sopradora,Silica,1,4,peça,4,1,8,0,32,8,1,11,2025-10-02,2025-10-02,29/09/2025 07:45:24,14,14,2025-09-29 07:45:24.420000000,2025-09-29
7439,146469,2025-10-06,7,4805,5,2694,Pep Set,Vibrado,Silica,77,1,peça,1,2,8,0,8,8,28,224,2025-10-02,2025-10-02,29/09/2025 07:45:24,14,14,2025-09-29 07:45:24.420000000,2025-09-29
7440,146469,2025-10-06,7,4805,6,2695,Pep Set,Carrossel,Silica,8,1,peça,1,1,8,0,8,8,1,10,2025-10-02,2025-10-02,29/09/2025 07:45:24,14,14,2025-09-29 07:45:24.420000000,2025-09-29
7441,146469,2025-10-06,7,4805,7,2696,Pep Set,Carrossel,Silica,8,1,peça,1,1,8,0,8,8,1,10,2025-10-02,2025-10-02,29/09/2025 07:45:24,14,14,2025-09-29 07:45:24.420000000,2025-09-29
7442,146469,2025-10-06,7,4805,8,2697,Pep Set,Carrossel,Silica,8,1,peça,1,1,8,0,8,8,1,10,2025-10-02,2025-10-02,29/09/2025 07:45:24,14,14,2025-09-29 07:45:24.420000000,2025-09-29
7443,146469,2025-10-06,7,4805,9,2698,Pep Set,Carrossel,Silica,8,1,peça,1,1,8,0,8,8,1,10,2025-10-02,2025-10-02,29/09/2025 07:45:24,14,14,2025-09-29 07:45:24.420000000,2025-09-29
7444,146469,2025-10-06,7,4805,20,2629,Cold Box Soprado,Sopradora,Silica,2,2,peça,3,1,8,0,12,4,1,6,2025-10-02,2025-10-02,29/09/2025 07:45:24,14,14,2025-09-29 07:45:24.420000000,2025-09-29
7445,146470,2025-10-07,3,4805,1,2690,Cold Box Gasado,Cold Box 4,Silica,3,2,peça,1,1,8,0,16,16,3,40,2025-10-03,2025-10-03,29/09/2025 07:45:24,14,14,2025-09-29 07:45:24.420000000,2025-09-29
7446,146470,2025-10-07,3,4805,2,2691,Cold Box Gasado,Cold Box 4,Silica,3,2,peça,1,1,8,0,16,16,3,40,2025-10-03,2025-10-03,29/09/2025 07:45:24,14,14,2025-09-29 07:45:24.420000000,2025-09-29
7447,146470,2025-10-07,3,4805,3,2692,Cold Box Soprado,Sopradora,Silica,3,1,peça,2,1,8,0,8,4,1,6,2025-10-03,2025-10-03,29/09/2025 07:45:24,14,14,2025-09-29 07:45:24.420000000,2025-09-29
7448,146470,2025-10-07,3,4805,4,2693,Cold Box Soprado,Sopradora,Silica,1,4,peça,4,1,8,0,32,8,1,11,2025-10-03,2025-10-03,29/09/2025 07:45:24,14,14,2025-09-29 07:45:24.420000000,2025-09-29
7449,146470,2025-10-07,3,4805,5,2694,Pep Set,Vibrado,Silica,77,1,peça,1,2,8,0,8,8,28,224,2025-10-03,2025-10-03,29/09/2025 07:45:24,14,14,2025-09-29 07:45:24.420000000,2025-09-29
7450,146470,2025-10-07,3,4805,6,2695,Pep Set,Carrossel,Silica,8,1,peça,1,1,8,0,8,8,1,10,2025-10-03,2025-10-03,29/09/2025 07:45:24,14,14,2025-09-29 07:45:24.420000000,2025-09-29
7451,146470,2025-10-07,3,4805,7,2696,Pep Set,Carrossel,Silica,8,1,peça,1,1,8,0,8,8,1,10,2025-10-03,2025-10-03,29/09/2025 07:45:24,14,14,2025-09-29 07:45:24.420000000,2025-09-29
7452,146470,2025-10-07,3,4805,8,2697,Pep Set,Carrossel,Silica,8,1,peça,1,1,8,0,8,8,1,10,2025-10-03,2025-10-03,29/09/2025 07:45:24,14,14,2025-09-29 07:45:24.420000000,2025-09-29
7453,146470,2025-10-07,3,4805,9,2698,Pep Set,Carrossel,Silica,8,1,peça,1,1,8,0,8,8,1,10,2025-10-03,2025-10-03,29/09/2025 07:45:24,14,14,2025-09-29 07:45:24.420000000,2025-09-29
7454,146470,2025-10-07,3,4805,20,2629,Cold Box Soprado,Sopradora,Silica,2,2,peça,3,1,8,0,12,4,1,6,2025-10-03,2025-10-03,29/09/2025 07:45:24,14,14,2025-09-29 07:45:24.420000000,2025-09-29
7455,146471,2025-10-07,8,4805,1,2690,Cold Box Gasado,Cold Box 4,Silica,3,2,peça,1,1,8,0,16,16,3,40,2025-10-03,2025-10-03,29/09/2025 07:45:24,14,14,2025-09-29 07:45:24.420000000,2025-09-29
7456,146471,2025-10-07,8,4805,2,2691,Cold Box Gasado,Cold Box 4,Silica,3,2,peça,1,1,8,0,16,16,3,40,2025-10-03,2025-10-03,29/09/2025 07:45:24,14,14,2025-09-29 07:45:24.420000000,2025-09-29
7457,146471,2025-10-07,8,4805,3,2692,Cold Box Soprado,Sopradora,Silica,3,1,peça,2,1,8,0,8,4,1,6,2025-10-03,2025-10-03,29/09/2025 07:45:24,14,14,2025-09-29 07:45:24.420000000,2025-09-29
7458,146471,2025-10-07,8,4805,4,2693,Cold Box Soprado,Sopradora,Silica,1,4,peça,4,1,8,0,32,8,1,11,2025-10-03,2025-10-03,29/09/2025 07:45:24,14,14,2025-09-29 07:45:24.420000000,2025-09-29
7459,146471,2025-10-07,8,4805,5,2694,Pep Set,Vibrado,Silica,77,1,peça,1,2,8,0,8,8,28,224,2025-10-03,2025-10-03,29/09/2025 07:45:24,14,14,2025-09-29 07:45:24.420000000,2025-09-29
7460,146471,2025-10-07,8,4805,6,2695,Pep Set,Carrossel,Silica,8,1,peça,1,1,8,0,8,8,1,10,2025-10-03,2025-10-03,29/09/2025 07:45:24,14,14,2025-09-29 07:45:24.420000000,2025-09-29
7461,146471,2025-10-07,8,4805,7,2696,Pep Set,Carrossel,Silica,8,1,peça,1,1,8,0,8,8,1,10,2025-10-03,2025-10-03,29/09/2025 07:45:24,14,14,2025-09-29 07:45:24.420000000,2025-09-29
7462,146471,2025-10-07,8,4805,8,2697,Pep Set,Carrossel,Silica,8,1,peça,1,1,8,0,8,8,1,10,2025-10-03,2025-10-03,29/09/2025 07:45:24,14,14,2025-09-29 07:45:24.420000000,2025-09-29
7463,146471,2025-10-07,8,4805,9,2698,Pep Set,Carrossel,Silica,8,1,peça,1,1,8,0,8,8,1,10,2025-10-03,2025-10-03,29/09/2025 07:45:24,14,14,2025-09-29 07:45:24.420000000,2025-09-29
7464,146471,2025-10-07,8,4805,20,2629,Cold Box Soprado,Sopradora,Silica,2,2,peça,3,1,8,0,12,4,1,6,2025-10-03,2025-10-03,29/09/2025 07:45:24,14,14,2025-09-29 07:45:24.420000000,2025-09-29
7465,146472,2025-10-08,2,4805,1,2690,Cold Box Gasado,Cold Box 4,Silica,3,2,peça,1,1,8,0,16,16,3,40,2025-10-06,2025-10-06,29/09/2025 07:45:24,14,14,2025-09-29 07:45:24.420000000,2025-09-29
7466,146472,2025-10-08,2,4805,2,2691,Cold Box Gasado,Cold Box 4,Silica,3,2,peça,1,1,8,0,16,16,3,40,2025-10-06,2025-10-06,29/09/2025 07:45:24,14,14,2025-09-29 07:45:24.420000000,2025-09-29
7467,146472,2025-10-08,2,4805,3,2692,Cold Box Soprado,Sopradora,Silica,3,1,peça,2,1,8,0,8,4,1,6,2025-10-06,2025-10-06,29/09/2025 07:45:24,14,14,2025-09-29 07:45:24.420000000,2025-09-29
7468,146472,2025-10-08,2,4805,4,2693,Cold Box Soprado,Sopradora,Silica,1,4,peça,4,1,8,0,32,8,1,11,2025-10-06,2025-10-06,29/09/2025 07:45:24,14,14,2025-09-29 07:45:24.420000000,2025-09-29
7469,146472,2025-10-08,2,4805,5,2694,Pep Set,Vibrado,Silica,77,1,peça,1,2,8,0,8,8,28,224,2025-10-06,2025-10-06,29/09/2025 07:45:24,14,14,2025-09-29 07:45:24.420000000,2025-09-29
7470,146472,2025-10-08,2,4805,6,2695,Pep Set,Carrossel,Silica,8,1,peça,1,1,8,0,8,8,1,10,2025-10-06,2025-10-06,29/09/2025 07:45:24,14,14,2025-09-29 07:45:24.420000000,2025-09-29
7471,146472,2025-10-08,2,4805,7,2696,Pep Set,Carrossel,Silica,8,1,peça,1,1,8,0,8,8,1,10,2025-10-06,2025-10-06,29/09/2025 07:45:24,14,14,2025-09-29 07:45:24.420000000,2025-09-29
7472,146472,2025-10-08,2,4805,8,2697,Pep Set,Carrossel,Silica,8,1,peça,1,1,8,0,8,8,1,10,2025-10-06,2025-10-06,29/09/2025 07:45:24,14,14,2025-09-29 07:45:24.420000000,2025-09-29
7473,146472,2025-10-08,2,4805,9,2698,Pep Set,Carrossel,Silica,8,1,peça,1,1,8,0,8,8,1,10,2025-10-06,2025-10-06,29/09/2025 07:45:24,14,14,2025-09-29 07:45:24.420000000,2025-09-29
7474,146472,2025-10-08,2,4805,20,2629,Cold Box Soprado,Sopradora,Silica,2,2,peça,3,1,8,0,12,4,1,6,2025-10-06,2025-10-06,29/09/2025 07:45:24,14,14,2025-09-29 07:45:24.420000000,2025-09-29
7475,146473,2025-10-08,8,4805,1,2690,Cold Box Gasado,Cold Box 4,Silica,3,2,peça,1,1,8,0,16,16,3,40,2025-10-06,2025-10-06,29/09/2025 07:45:24,14,14,2025-09-29 07:45:24.420000000,2025-09-29
7476,146473,2025-10-08,8,4805,2,2691,Cold Box Gasado,Cold Box 4,Silica,3,2,peça,1,1,8,0,16,16,3,40,2025-10-06,2025-10-06,29/09/2025 07:45:24,14,14,2025-09-29 07:45:24.420000000,2025-09-29
7477,146473,2025-10-08,8,4805,3,2692,Cold Box Soprado,Sopradora,Silica,3,1,peça,2,1,8,0,8,4,1,6,2025-10-06,2025-10-06,29/09/2025 07:45:24,14,14,2025-09-29 07:45:24.420000000,2025-09-29
7478,146473,2025-10-08,8,4805,4,2693,Cold Box Soprado,Sopradora,Silica,1,4,peça,4,1,8,0,32,8,1,11,2025-10-06,2025-10-06,29/09/2025 07:45:24,14,14,2025-09-29 07:45:24.420000000,2025-09-29
7479,146473,2025-10-08,8,4805,5,2694,Pep Set,Vibrado,Silica,77,1,peça,1,2,8,0,8,8,28,224,2025-10-06,2025-10-06,29/09/2025 07:45:24,14,14,2025-09-29 07:45:24.420000000,2025-09-29
7480,146473,2025-10-08,8,4805,6,2695,Pep Set,Carrossel,Silica,8,1,peça,1,1,8,0,8,8,1,10,2025-10-06,2025-10-06,29/09/2025 07:45:24,14,14,2025-09-29 07:45:24.420000000,2025-09-29
7481,146473,2025-10-08,8,4805,7,2696,Pep Set,Carrossel,Silica,8,1,peça,1,1,8,0,8,8,1,10,2025-10-06,2025-10-06,29/09/2025 07:45:24,14,14,2025-09-29 07:45:24.420000000,2025-09-29
7482,146473,2025-10-08,8,4805,8,2697,Pep Set,Carrossel,Silica,8,1,peça,1,1,8,0,8,8,1,10,2025-10-06,2025-10-06,29/09/2025 07:45:24,14,14,2025-09-29 07:45:24.420000000,2025-09-29
7483,146473,2025-10-08,8,4805,9,2698,Pep Set,Carrossel,Silica,8,1,peça,1,1,8,0,8,8,1,10,2025-10-06,2025-10-06,29/09/2025 07:45:24,14,14,2025-09-29 07:45:24.420000000,2025-09-29
7484,146473,2025-10-08,8,4805,20,2629,Cold Box Soprado,Sopradora,Silica,2,2,peça,3,1,8,0,12,4,1,6,2025-10-06,2025-10-06,29/09/2025 07:45:24,14,14,2025-09-29 07:45:24.420000000,2025-09-29
7485,146506,2025-09-30,9,4292,1,1755,Cold Box Soprado,Sopradora,Silica,12,1,peça,1,1,72,0,72,72,1,102,2025-09-26,2025-09-26,29/09/2025 07:45:24,14,14,2025-09-29 07:45:24.420000000,2025-09-29
7486,146506,2025-09-30,9,4292,30,2926,Pep Set,Carrossel,Silica,\N,1,Lote,1,1,72,0,1,1,1,1,2025-09-26,2025-09-26,29/09/2025 07:45:24,14,14,2025-09-29 07:45:24.420000000,2025-09-29
7487,146507,2025-10-01,11,4292,1,1755,Cold Box Soprado,Sopradora,Silica,12,1,peça,1,1,72,0,72,72,1,102,2025-09-29,2025-09-29,29/09/2025 07:45:24,14,14,2025-09-29 07:45:24.420000000,2025-09-29
7488,146507,2025-10-01,11,4292,30,2926,Pep Set,Carrossel,Silica,\N,1,Lote,1,1,72,0,1,1,1,1,2025-09-29,2025-09-29,29/09/2025 07:45:24,14,14,2025-09-29 07:45:24.420000000,2025-09-29
7489,146527,2025-10-03,16,4755,1,116,Pep Set,Chão,Silica,13,1,peça,1,2,20,0,20,20,15,300,2025-10-01,2025-10-01,29/09/2025 07:45:24,14,14,2025-09-29 07:45:24.420000000,2025-09-29
7490,146527,2025-10-03,16,4755,2,117,Cold Box Soprado,Sopradora,Silica,6,1,peça,2,1,20,0,20,10,1,14,2025-10-01,2025-10-01,29/09/2025 07:45:24,14,14,2025-09-29 07:45:24.420000000,2025-09-29
7491,146527,2025-10-03,16,4755,3,2514,Cold Box Soprado,Sopradora,Silica,3,1,peça,4,1,20,0,20,5,1,7,2025-10-01,2025-10-01,29/09/2025 07:45:24,14,14,2025-09-29 07:45:24.420000000,2025-09-29
7492,146528,2025-10-06,3,4755,1,116,Pep Set,Chão,Silica,13,1,peça,1,2,20,0,20,20,15,300,2025-10-02,2025-10-02,29/09/2025 07:45:24,14,14,2025-09-29 07:45:24.420000000,2025-09-29
7493,146528,2025-10-06,3,4755,2,117,Cold Box Soprado,Sopradora,Silica,6,1,peça,2,1,20,0,20,10,1,14,2025-10-02,2025-10-02,29/09/2025 07:45:24,14,14,2025-09-29 07:45:24.420000000,2025-09-29
7494,146528,2025-10-06,3,4755,3,2514,Cold Box Soprado,Sopradora,Silica,3,1,peça,4,1,20,0,20,5,1,7,2025-10-02,2025-10-02,29/09/2025 07:45:24,14,14,2025-09-29 07:45:24.420000000,2025-09-29
7495,146643,2025-10-07,13,4834,21,2905,Cold Box Gasado,Cold Box Pequena,Silica,5,1,Molde,2,1,273,0,13,7,3,16,2025-10-03,2025-10-03,29/09/2025 07:45:24,14,14,2025-09-29 07:45:24.420000000,2025-09-29
7496,146661,2025-10-08,11,3509,1,2066,Pep Set,Vibrado,Cromita,1,1,peça,4,1,192,0,192,48,28,1344,2025-10-06,2025-10-07,29/09/2025 07:45:24,14,14,2025-09-29 07:45:24.420000000,2025-09-29
7497,146661,2025-10-08,11,3509,30,2926,Pep Set,Carrossel,Silica,\N,1,Lote,1,1,192,0,1,1,1,1,2025-10-06,2025-10-06,29/09/2025 07:45:24,14,14,2025-09-29 07:45:24.420000000,2025-09-29
7498,146668,2025-10-08,14,285,1,190,Pep Set,Chão,Silica areia nova,2,1,peça,1,1,13,0,13,13,15,195,2025-10-06,2025-10-06,29/09/2025 07:45:24,14,14,2025-09-29 07:45:24.420000000,2025-09-29
7499,146668,2025-10-08,14,285,29,2925,Pep Set,Carrossel,Silica,\N,1,Lote,1,1,13,0,1,1,1,1,2025-10-06,2025-10-06,29/09/2025 07:45:24,14,14,2025-09-29 07:45:24.420000000,2025-09-29
7500,146669,2025-10-07,15,285,1,190,Pep Set,Chão,Silica areia nova,2,1,peça,1,1,5,0,5,5,15,75,2025-10-03,2025-10-03,29/09/2025 07:45:24,14,14,2025-09-29 07:45:24.420000000,2025-09-29
7501,146669,2025-10-07,15,285,29,2925,Pep Set,Carrossel,Silica,\N,1,Lote,1,1,5,0,1,1,1,1,2025-10-03,2025-10-03,29/09/2025 07:45:24,14,14,2025-09-29 07:45:24.420000000,2025-09-29
7502,146688,2025-10-07,12,4855,1,2779,Pep Set,Carrossel,Silica,67,1,peça,1,1,4,0,4,4,1,5,2025-10-03,2025-10-03,29/09/2025 07:45:24,14,14,2025-09-29 07:45:24.420000000,2025-09-29
7503,146689,2025-10-03,5,4856,1,2774,Pep Set,Carrossel,Silica,2,1,peça,2,1,4,0,4,2,1,3,2025-10-01,2025-10-01,29/09/2025 07:45:24,14,14,2025-09-29 07:45:24.420000000,2025-09-29
7504,146690,2025-10-03,5,4857,1,2775,Pep Set,Carrossel,Silica,2,1,peça,2,1,4,0,4,2,1,3,2025-10-01,2025-10-01,29/09/2025 07:45:24,14,14,2025-09-29 07:45:24.420000000,2025-09-29
7505,146701,2025-09-29,17,5231,29,2925,Pep Set,Carrossel,Silica areia nova,\N,1,Lote,1,1,1,0,1,1,1,1,2025-09-25,2025-09-25,29/09/2025 07:45:24,14,14,2025-09-29 07:45:24.420000000,2025-09-29
7506,146730,2025-10-02,7,4773,30,2926,Pep Set,Carrossel,Silica,\N,1,Lote,1,1,12,0,1,1,1,1,2025-09-30,2025-09-30,29/09/2025 07:45:24,14,14,2025-09-29 07:45:24.420000000,2025-09-29
7507,146734,2025-10-01,17,151,1,76,Cold Box Gasado,Cold Box Pequena,Silica,1,1,peça,2,2,320,120,40,20,3,50,2025-09-29,2025-09-29,29/09/2025 07:45:24,14,14,2025-09-29 07:45:24.420000000,2025-09-29
7508,146734,2025-10-01,17,151,2,77,Cold Box Gasado,Cold Box Pequena,Silica,1,1,peça,2,2,320,120,40,20,3,50,2025-09-29,2025-09-29,29/09/2025 07:45:24,14,14,2025-09-29 07:45:24.420000000,2025-09-29
7509,146734,2025-10-01,17,151,30,2926,Pep Set,Carrossel,Silica,\N,1,Lote,1,1,320,0,1,1,1,1,2025-09-29,2025-09-29,29/09/2025 07:45:24,14,14,2025-09-29 07:45:24.420000000,2025-09-29
7510,146757,2025-09-30,17,4841,1,2225,Pep Set,Chão,Cromita,\N,1,peça,1,1,1,0,1,1,15,15,2025-09-29,2025-09-29,29/09/2025 07:45:24,14,14,2025-09-29 07:45:24.420000000,2025-09-29
7511,146779,2025-10-02,17,4135,1,2301,Cold Box Gasado,Cold Box Pequena,Silica,6,1,peça,1,2,84,0,84,84,3,210,2025-09-30,2025-09-30,29/09/2025 07:45:24,14,14,2025-09-29 07:45:24.420000000,2025-09-29
7512,146779,2025-10-02,17,4135,30,2926,Pep Set,Carrossel,Silica,\N,1,Lote,1,1,84,0,1,1,1,1,2025-09-30,2025-09-30,29/09/2025 07:45:24,14,14,2025-09-29 07:45:24.420000000,2025-09-29
7513,146812,2025-09-29,15,4835,2,2708,Cold Box Soprado,Sopradora,Silica,3,1,peça,2,2,40,27,13,7,1,9,2025-09-25,2025-09-25,29/09/2025 07:45:24,14,14,2025-09-29 07:45:24.420000000,2025-09-29
7514,146812,2025-09-29,15,4835,3,2709,Cold Box Soprado,Sopradora,Silica,1,1,peça,2,1,40,27,13,7,1,9,2025-09-25,2025-09-25,29/09/2025 07:45:24,14,14,2025-09-29 07:45:24.420000000,2025-09-29
7515,146813,2025-10-02,3,4835,2,2708,Cold Box Soprado,Sopradora,Silica,3,1,peça,2,2,40,0,40,20,1,28,2025-09-30,2025-09-30,29/09/2025 07:45:24,14,14,2025-09-29 07:45:24.420000000,2025-09-29
7516,146813,2025-10-02,3,4835,3,2709,Cold Box Soprado,Sopradora,Silica,1,1,peça,2,1,40,0,40,20,1,28,2025-09-30,2025-09-30,29/09/2025 07:45:24,14,14,2025-09-29 07:45:24.420000000,2025-09-29
7517,146814,2025-10-03,4,4835,1,2707,Cold Box Soprado,Sopradora,Silica,4,1,peça,4,2,40,0,40,10,1,14,2025-10-01,2025-10-01,29/09/2025 07:45:24,14,14,2025-09-29 07:45:24.420000000,2025-09-29
7518,146814,2025-10-03,4,4835,2,2708,Cold Box Soprado,Sopradora,Silica,3,1,peça,2,2,40,0,40,20,1,28,2025-10-01,2025-10-01,29/09/2025 07:45:24,14,14,2025-09-29 07:45:24.420000000,2025-09-29
7519,146814,2025-10-03,4,4835,3,2709,Cold Box Soprado,Sopradora,Silica,1,1,peça,2,1,40,0,40,20,1,28,2025-10-01,2025-10-01,29/09/2025 07:45:24,14,14,2025-09-29 07:45:24.420000000,2025-09-29
7520,146815,2025-10-06,10,4835,1,2707,Cold Box Soprado,Sopradora,Silica,4,1,peça,4,2,40,0,40,10,1,14,2025-10-02,2025-10-02,29/09/2025 07:45:24,14,14,2025-09-29 07:45:24.420000000,2025-09-29
7521,146815,2025-10-06,10,4835,2,2708,Cold Box Soprado,Sopradora,Silica,3,1,peça,2,2,40,0,40,20,1,28,2025-10-02,2025-10-02,29/09/2025 07:45:24,14,14,2025-09-29 07:45:24.420000000,2025-09-29
7522,146815,2025-10-06,10,4835,3,2709,Cold Box Soprado,Sopradora,Silica,1,1,peça,2,1,40,0,40,20,1,28,2025-10-02,2025-10-02,29/09/2025 07:45:24,14,14,2025-09-29 07:45:24.420000000,2025-09-29
7523,146816,2025-10-07,5,4835,1,2707,Cold Box Soprado,Sopradora,Silica,4,1,peça,4,2,40,0,40,10,1,14,2025-10-03,2025-10-03,29/09/2025 07:45:24,14,14,2025-09-29 07:45:24.420000000,2025-09-29
7524,146816,2025-10-07,5,4835,2,2708,Cold Box Soprado,Sopradora,Silica,3,1,peça,2,2,40,0,40,20,1,28,2025-10-03,2025-10-03,29/09/2025 07:45:24,14,14,2025-09-29 07:45:24.420000000,2025-09-29
7525,146816,2025-10-07,5,4835,3,2709,Cold Box Soprado,Sopradora,Silica,1,1,peça,2,1,40,0,40,20,1,28,2025-10-03,2025-10-03,29/09/2025 07:45:24,14,14,2025-09-29 07:45:24.420000000,2025-09-29
7526,146817,2025-10-08,9,4835,1,2707,Cold Box Soprado,Sopradora,Silica,4,1,peça,4,2,40,0,40,10,1,14,2025-10-06,2025-10-06,29/09/2025 07:45:24,14,14,2025-09-29 07:45:24.420000000,2025-09-29
7527,146817,2025-10-08,9,4835,2,2708,Cold Box Soprado,Sopradora,Silica,3,1,peça,2,2,40,0,40,20,1,28,2025-10-06,2025-10-06,29/09/2025 07:45:24,14,14,2025-09-29 07:45:24.420000000,2025-09-29
7528,146817,2025-10-08,9,4835,3,2709,Cold Box Soprado,Sopradora,Silica,1,1,peça,2,1,40,0,40,20,1,28,2025-10-06,2025-10-06,29/09/2025 07:45:24,14,14,2025-09-29 07:45:24.420000000,2025-09-29
7529,146831,2025-09-29,16,4836,2,2708,Cold Box Soprado,Sopradora,Silica,3,1,peça,2,2,40,0,40,20,1,28,2025-09-25,2025-09-25,29/09/2025 07:45:24,14,14,2025-09-29 07:45:24.420000000,2025-09-29
7530,146831,2025-09-29,16,4836,3,2709,Cold Box Soprado,Sopradora,Silica,1,1,peça,2,1,40,0,40,20,1,28,2025-09-25,2025-09-25,29/09/2025 07:45:24,14,14,2025-09-29 07:45:24.420000000,2025-09-29
7531,146832,2025-10-02,4,4836,2,2708,Cold Box Soprado,Sopradora,Silica,3,1,peça,2,2,40,0,40,20,1,28,2025-09-30,2025-09-30,29/09/2025 07:45:24,14,14,2025-09-29 07:45:24.420000000,2025-09-29
7532,146832,2025-10-02,4,4836,3,2709,Cold Box Soprado,Sopradora,Silica,1,1,peça,2,1,40,0,40,20,1,28,2025-09-30,2025-09-30,29/09/2025 07:45:24,14,14,2025-09-29 07:45:24.420000000,2025-09-29
7533,146833,2025-10-03,11,4836,1,2715,Cold Box Soprado,Sopradora,Silica,4,1,peça,4,2,40,0,40,10,1,14,2025-10-01,2025-10-01,29/09/2025 07:45:24,14,14,2025-09-29 07:45:24.420000000,2025-09-29
7534,146833,2025-10-03,11,4836,2,2708,Cold Box Soprado,Sopradora,Silica,3,1,peça,2,2,40,0,40,20,1,28,2025-10-01,2025-10-01,29/09/2025 07:45:24,14,14,2025-09-29 07:45:24.420000000,2025-09-29
7535,146833,2025-10-03,11,4836,3,2709,Cold Box Soprado,Sopradora,Silica,1,1,peça,2,1,40,0,40,20,1,28,2025-10-01,2025-10-01,29/09/2025 07:45:24,14,14,2025-09-29 07:45:24.420000000,2025-09-29
7536,146834,2025-10-06,11,4836,1,2715,Cold Box Soprado,Sopradora,Silica,4,1,peça,4,2,40,0,40,10,1,14,2025-10-02,2025-10-02,29/09/2025 07:45:24,14,14,2025-09-29 07:45:24.420000000,2025-09-29
7537,146834,2025-10-06,11,4836,2,2708,Cold Box Soprado,Sopradora,Silica,3,1,peça,2,2,40,0,40,20,1,28,2025-10-02,2025-10-02,29/09/2025 07:45:24,14,14,2025-09-29 07:45:24.420000000,2025-09-29
7538,146834,2025-10-06,11,4836,3,2709,Cold Box Soprado,Sopradora,Silica,1,1,peça,2,1,40,0,40,20,1,28,2025-10-02,2025-10-02,29/09/2025 07:45:24,14,14,2025-09-29 07:45:24.420000000,2025-09-29
7539,146835,2025-10-07,6,4836,1,2715,Cold Box Soprado,Sopradora,Silica,4,1,peça,4,2,40,0,40,10,1,14,2025-10-03,2025-10-03,29/09/2025 07:45:24,14,14,2025-09-29 07:45:24.420000000,2025-09-29
7540,146835,2025-10-07,6,4836,2,2708,Cold Box Soprado,Sopradora,Silica,3,1,peça,2,2,40,0,40,20,1,28,2025-10-03,2025-10-03,29/09/2025 07:45:24,14,14,2025-09-29 07:45:24.420000000,2025-09-29
7541,146835,2025-10-07,6,4836,3,2709,Cold Box Soprado,Sopradora,Silica,1,1,peça,2,1,40,0,40,20,1,28,2025-10-03,2025-10-03,29/09/2025 07:45:24,14,14,2025-09-29 07:45:24.420000000,2025-09-29
7542,146836,2025-10-08,10,4836,1,2715,Cold Box Soprado,Sopradora,Silica,4,1,peça,4,2,40,0,40,10,1,14,2025-10-06,2025-10-06,29/09/2025 07:45:24,14,14,2025-09-29 07:45:24.420000000,2025-09-29
7543,146836,2025-10-08,10,4836,2,2708,Cold Box Soprado,Sopradora,Silica,3,1,peça,2,2,40,0,40,20,1,28,2025-10-06,2025-10-06,29/09/2025 07:45:24,14,14,2025-09-29 07:45:24.420000000,2025-09-29
7544,146836,2025-10-08,10,4836,3,2709,Cold Box Soprado,Sopradora,Silica,1,1,peça,2,1,40,0,40,20,1,28,2025-10-06,2025-10-06,29/09/2025 07:45:24,14,14,2025-09-29 07:45:24.420000000,2025-09-29
7545,146840,2025-10-03,6,4858,1,2735,Cold Box Soprado,Sopradora,Silica,1,1,peça,14,1,70,0,70,5,1,7,2025-10-01,2025-10-01,29/09/2025 07:45:24,14,14,2025-09-29 07:45:24.420000000,2025-09-29
7546,146840,2025-10-03,6,4858,2,2736,Cold Box Soprado,Sopradora,Silica,0,1,peça,9,1,70,0,70,8,1,11,2025-10-01,2025-10-01,29/09/2025 07:45:24,14,14,2025-09-29 07:45:24.420000000,2025-09-29
7547,146841,2025-10-06,13,4858,1,2735,Cold Box Soprado,Sopradora,Silica,1,1,peça,14,1,70,0,70,5,1,7,2025-10-02,2025-10-02,29/09/2025 07:45:24,14,14,2025-09-29 07:45:24.420000000,2025-09-29
7548,146841,2025-10-06,13,4858,2,2736,Cold Box Soprado,Sopradora,Silica,0,1,peça,9,1,70,0,70,8,1,11,2025-10-02,2025-10-02,29/09/2025 07:45:24,14,14,2025-09-29 07:45:24.420000000,2025-09-29
7549,146842,2025-10-07,10,4858,1,2735,Cold Box Soprado,Sopradora,Silica,1,1,peça,14,1,70,0,70,5,1,7,2025-10-03,2025-10-03,29/09/2025 07:45:24,14,14,2025-09-29 07:45:24.420000000,2025-09-29
7550,146842,2025-10-07,10,4858,2,2736,Cold Box Soprado,Sopradora,Silica,0,1,peça,9,1,70,0,70,8,1,11,2025-10-03,2025-10-03,29/09/2025 07:45:24,14,14,2025-09-29 07:45:24.420000000,2025-09-29
7551,146843,2025-10-08,12,4858,1,2735,Cold Box Soprado,Sopradora,Silica,1,1,peça,14,1,70,0,70,5,1,7,2025-10-06,2025-10-06,29/09/2025 07:45:24,14,14,2025-09-29 07:45:24.420000000,2025-09-29
7552,146843,2025-10-08,12,4858,2,2736,Cold Box Soprado,Sopradora,Silica,0,1,peça,9,1,70,0,70,8,1,11,2025-10-06,2025-10-06,29/09/2025 07:45:24,14,14,2025-09-29 07:45:24.420000000,2025-09-29
7553,146846,2025-10-06,14,4859,1,2735,Cold Box Soprado,Sopradora,Silica,1,1,peça,14,1,70,0,70,5,1,7,2025-10-02,2025-10-02,29/09/2025 07:45:24,14,14,2025-09-29 07:45:24.420000000,2025-09-29
7554,146846,2025-10-06,14,4859,2,2736,Cold Box Soprado,Sopradora,Silica,0,1,peça,9,1,70,0,70,8,1,11,2025-10-02,2025-10-02,29/09/2025 07:45:24,14,14,2025-09-29 07:45:24.420000000,2025-09-29
7555,146847,2025-10-07,11,4859,1,2735,Cold Box Soprado,Sopradora,Silica,1,1,peça,14,1,70,0,70,5,1,7,2025-10-03,2025-10-03,29/09/2025 07:45:24,14,14,2025-09-29 07:45:24.420000000,2025-09-29
7556,146847,2025-10-07,11,4859,2,2736,Cold Box Soprado,Sopradora,Silica,0,1,peça,9,1,70,0,70,8,1,11,2025-10-03,2025-10-03,29/09/2025 07:45:24,14,14,2025-09-29 07:45:24.420000000,2025-09-29
7557,146848,2025-10-08,13,4859,1,2735,Cold Box Soprado,Sopradora,Silica,1,1,peça,14,1,70,0,70,5,1,7,2025-10-06,2025-10-06,29/09/2025 07:45:24,14,14,2025-09-29 07:45:24.420000000,2025-09-29
7558,146848,2025-10-08,13,4859,2,2736,Cold Box Soprado,Sopradora,Silica,0,1,peça,9,1,70,0,70,8,1,11,2025-10-06,2025-10-06,29/09/2025 07:45:24,14,14,2025-09-29 07:45:24.420000000,2025-09-29
7559,146868,2025-10-08,14,4843,1,2882,Cold Box Gasado,Cold Box Pequena,Silica areia nova,1,1,peça,4,1,8,0,8,2,3,5,2025-10-06,2025-10-06,29/09/2025 07:45:24,14,14,2025-09-29 07:45:24.420000000,2025-09-29
7560,146868,2025-10-08,14,4843,2,2883,Cold Box Gasado,Cold Box Pequena,Silica areia nova,1,1,peça,4,1,8,0,8,2,3,5,2025-10-06,2025-10-06,29/09/2025 07:45:24,14,14,2025-09-29 07:45:24.420000000,2025-09-29
7561,146868,2025-10-08,14,4843,3,2884,Pep Set,Chão,Silica areia nova,24,1,peça,1,1,8,0,8,8,15,120,2025-10-06,2025-10-06,29/09/2025 07:45:24,14,14,2025-09-29 07:45:24.420000000,2025-09-29
7562,146868,2025-10-08,14,4843,29,2925,Pep Set,Carrossel,Silica,\N,1,Lote,1,1,8,0,1,1,1,1,2025-10-06,2025-10-06,29/09/2025 07:45:24,14,14,2025-09-29 07:45:24.420000000,2025-09-29
7563,146879,2025-10-03,5,2419,1,1479,Cold Box Gasado,Cold Box Pequena,Silica,1,1,peça,2,1,56,0,28,14,3,35,2025-10-01,2025-10-01,29/09/2025 07:45:24,14,14,2025-09-29 07:45:24.420000000,2025-09-29
7564,146911,2025-09-30,7,1630,1,979,Pep Set,Chão,Cromita,1,1,peça,1,1,6,0,6,6,15,90,2025-09-29,2025-09-29,29/09/2025 07:45:24,14,14,2025-09-29 07:45:24.420000000,2025-09-29
7565,146914,2025-10-03,9,1727,1,2875,Pep Set,Chão,Cromita,6,1,peça,1,1,6,0,6,6,15,90,2025-10-01,2025-10-02,29/09/2025 07:45:24,14,14,2025-09-29 07:45:24.420000000,2025-09-29
7566,146918,2025-09-30,15,4845,1,2879,Cold Box Gasado,Cold Box 4,Silica,8,1,peça,1,1,32,0,32,32,3,80,2025-09-26,2025-09-26,29/09/2025 07:45:24,14,14,2025-09-29 07:45:24.420000000,2025-09-29
7567,146920,2025-09-30,7,1631,1,978,Pep Set,Chão,Cromita,1,1,peça,2,2,4,0,4,2,15,30,2025-09-29,2025-09-29,29/09/2025 07:45:24,14,14,2025-09-29 07:45:24.420000000,2025-09-29
7568,146943,2025-10-07,15,1036,1,679,Cold Box Gasado,Cold Box Pequena,Silica areia nova,3,1,peça,1,1,6,0,6,6,3,15,2025-10-03,2025-10-03,29/09/2025 07:45:24,14,14,2025-09-29 07:45:24.420000000,2025-09-29
7569,146943,2025-10-07,15,1036,29,2925,Pep Set,Carrossel,Silica,\N,1,Lote,1,1,6,0,1,1,1,1,2025-10-03,2025-10-03,29/09/2025 07:45:24,14,14,2025-09-29 07:45:24.420000000,2025-09-29
7570,146970,2025-10-03,14,152,30,2926,Pep Set,Carrossel,Silica,\N,1,Lote,1,1,36,0,1,1,1,1,2025-10-01,2025-10-01,29/09/2025 07:45:24,14,14,2025-09-29 07:45:24.420000000,2025-09-29
7571,146973,2025-10-03,17,4587,1,347,Cold Box Gasado,Cold Box Pequena,Silica areia nova,1,2,peça,1,2,18,0,36,36,3,90,2025-10-01,2025-10-01,29/09/2025 07:45:24,14,14,2025-09-29 07:45:24.420000000,2025-09-29
7572,146973,2025-10-03,17,4587,2,348,Cold Box Gasado,Cold Box Pequena,Silica areia nova,0,2,peça,4,2,18,0,36,9,3,23,2025-10-01,2025-10-01,29/09/2025 07:45:24,14,14,2025-09-29 07:45:24.420000000,2025-09-29
7573,146973,2025-10-03,17,4587,3,\N,Cold Box Gasado,Cold Box Pequena,Silica,8,0,peça,\N,0,18,0,3,\N,3,\N,2025-10-01,2025-10-01,29/09/2025 07:45:24,14,14,2025-09-29 07:45:24.420000000,2025-09-29
7574,147134,2025-10-03,15,4031,1,2367,Pep Set,Chão,Silica,33,1,peça,1,1,6,4,2,2,15,30,2025-10-01,2025-10-01,29/09/2025 07:45:24,14,14,2025-09-29 07:45:24.420000000,2025-09-29
7575,147134,2025-10-03,15,4031,2,2218,Pep Set,Carrossel,Silica,4,1,peça,1,1,6,0,6,6,1,8,2025-10-01,2025-10-01,29/09/2025 07:45:24,14,14,2025-09-29 07:45:24.420000000,2025-09-29
7576,147134,2025-10-03,15,4031,3,2368,Pep Set,Carrossel,Silica,2,1,peça,1,1,6,0,6,6,1,8,2025-10-01,2025-10-01,29/09/2025 07:45:24,14,14,2025-09-29 07:45:24.420000000,2025-09-29
7577,147134,2025-10-03,15,4031,4,2369,Pep Set,Carrossel,Silica,1,1,peça,1,1,6,0,6,6,1,8,2025-10-01,2025-10-01,29/09/2025 07:45:24,14,14,2025-09-29 07:45:24.420000000,2025-09-29
7578,147153,2025-10-03,15,4194,1,2217,Pep Set,Chão,Silica,33,1,peça,1,1,6,4,2,2,15,30,2025-10-01,2025-10-01,29/09/2025 07:45:24,14,14,2025-09-29 07:45:24.420000000,2025-09-29
7579,147153,2025-10-03,15,4194,2,2218,Pep Set,Carrossel,Silica,4,1,peça,1,1,6,0,6,6,1,8,2025-10-01,2025-10-01,29/09/2025 07:45:24,14,14,2025-09-29 07:45:24.420000000,2025-09-29
7580,147153,2025-10-03,15,4194,3,2219,Pep Set,Carrossel,Silica,2,1,peça,1,1,6,0,6,6,1,8,2025-10-01,2025-10-01,29/09/2025 07:45:24,14,14,2025-09-29 07:45:24.420000000,2025-09-29
7581,147153,2025-10-03,15,4194,4,2220,Pep Set,Carrossel,Silica,1,1,peça,1,1,6,0,6,6,1,8,2025-10-01,2025-10-01,29/09/2025 07:45:24,14,14,2025-09-29 07:45:24.420000000,2025-09-29
7582,147185,2025-10-01,10,4558,1,923,Pep Set,Chão,Cromita,21,1,peça,1,1,2,0,2,2,15,30,2025-09-29,2025-09-30,29/09/2025 07:45:24,14,14,2025-09-29 07:45:24.420000000,2025-09-29
7583,147186,2025-10-01,10,4559,1,922,Pep Set,Chão,Cromita,14,1,peça,1,1,2,0,2,2,15,30,2025-09-29,2025-09-30,29/09/2025 07:45:24,14,14,2025-09-29 07:45:24.420000000,2025-09-29
7584,147201,2025-10-01,10,4197,1,2351,Pep Set,Chão,Cromita,2,1,peça,1,1,8,0,8,8,15,120,2025-09-29,2025-09-30,29/09/2025 07:45:24,14,14,2025-09-29 07:45:24.420000000,2025-09-29
7585,147201,2025-10-01,10,4197,2,2352,Pep Set,Chão,Cromita,1,1,peça,1,1,8,0,8,8,15,120,2025-09-29,2025-09-30,29/09/2025 07:45:24,14,14,2025-09-29 07:45:24.420000000,2025-09-29
7586,147201,2025-10-01,10,4197,30,2926,Pep Set,Carrossel,Silica,\N,1,Lote,1,1,8,0,1,1,1,1,2025-09-29,2025-09-29,29/09/2025 07:45:24,14,14,2025-09-29 07:45:24.420000000,2025-09-29
7587,147205,2025-09-29,9,3811,24,\N,Cold Box Gasado,Cold Box Pequena,Silica,10,1,Molde,\N,0,24,0,2,\N,3,\N,2025-09-25,2025-09-25,29/09/2025 07:45:24,14,14,2025-09-29 07:45:24.420000000,2025-09-29
7588,147247,2025-10-07,13,4879,1,2776,Cold Box Gasado,Cold Box Pequena,Silica,\N,1,peça,3,1,128,0,128,43,3,107,2025-10-03,2025-10-03,29/09/2025 07:45:24,14,14,2025-09-29 07:45:24.420000000,2025-09-29
7589,147247,2025-10-07,13,4879,21,2905,Cold Box Gasado,Cold Box Pequena,Silica,5,1,Molde,2,1,128,0,8,4,3,10,2025-10-03,2025-10-03,29/09/2025 07:45:24,14,14,2025-09-29 07:45:24.420000000,2025-09-29
7590,147259,2025-09-30,7,1799,1,925,Pep Set,Chão,Silica,125,1,peça,1,1,1,0,1,1,15,15,2025-09-26,2025-09-26,29/09/2025 07:45:24,14,14,2025-09-29 07:45:24.420000000,2025-09-29
7591,147266,2025-10-06,12,4621,1,2562,Pep Set,Carrossel,Silica,4,2,peça,1,1,1,0,2,2,1,3,2025-10-02,2025-10-02,29/09/2025 07:45:24,14,14,2025-09-29 07:45:24.420000000,2025-09-29
7592,147266,2025-10-06,12,4621,2,2563,Pep Set,Carrossel,Silica,13,2,peça,1,1,1,0,2,2,1,3,2025-10-02,2025-10-02,29/09/2025 07:45:24,14,14,2025-09-29 07:45:24.420000000,2025-09-29
7593,147266,2025-10-06,12,4621,3,2564,Pep Set,Carrossel,Silica,13,2,peça,1,1,1,0,2,2,1,3,2025-10-02,2025-10-02,29/09/2025 07:45:24,14,14,2025-09-29 07:45:24.420000000,2025-09-29
7594,147266,2025-10-06,12,4621,4,2565,Pep Set,Vibrado,Silica,68,1,peça,1,1,1,0,1,1,28,28,2025-10-02,2025-10-02,29/09/2025 07:45:24,14,14,2025-09-29 07:45:24.420000000,2025-09-29
7595,147266,2025-10-06,12,4621,5,2566,Pep Set,Carrossel,Silica,13,2,peça,1,1,1,0,2,2,1,3,2025-10-02,2025-10-02,29/09/2025 07:45:24,14,14,2025-09-29 07:45:24.420000000,2025-09-29
7596,147266,2025-10-06,12,4621,6,2567,Pep Set,Carrossel,Silica,13,2,peça,1,1,1,0,2,2,1,3,2025-10-02,2025-10-02,29/09/2025 07:45:24,14,14,2025-09-29 07:45:24.420000000,2025-09-29
7597,147266,2025-10-06,12,4621,7,2568,Pep Set,Carrossel,Silica,9,2,peça,1,1,1,0,2,2,1,3,2025-10-02,2025-10-02,29/09/2025 07:45:24,14,14,2025-09-29 07:45:24.420000000,2025-09-29
7598,147266,2025-10-06,12,4621,20,2629,Cold Box Soprado,Sopradora,Silica,2,3,peça,3,1,1,0,3,1,1,1,2025-10-02,2025-10-02,29/09/2025 07:45:24,14,14,2025-09-29 07:45:24.420000000,2025-09-29
7599,147267,2025-10-06,12,4621,1,2562,Pep Set,Carrossel,Silica,4,2,peça,1,1,1,0,2,2,1,3,2025-10-02,2025-10-02,29/09/2025 07:45:24,14,14,2025-09-29 07:45:24.420000000,2025-09-29
7600,147267,2025-10-06,12,4621,2,2563,Pep Set,Carrossel,Silica,13,2,peça,1,1,1,0,2,2,1,3,2025-10-02,2025-10-02,29/09/2025 07:45:24,14,14,2025-09-29 07:45:24.420000000,2025-09-29
7601,147267,2025-10-06,12,4621,3,2564,Pep Set,Carrossel,Silica,13,2,peça,1,1,1,0,2,2,1,3,2025-10-02,2025-10-02,29/09/2025 07:45:24,14,14,2025-09-29 07:45:24.420000000,2025-09-29
7602,147267,2025-10-06,12,4621,4,2565,Pep Set,Vibrado,Silica,68,1,peça,1,1,1,0,1,1,28,28,2025-10-02,2025-10-02,29/09/2025 07:45:24,14,14,2025-09-29 07:45:24.420000000,2025-09-29
7603,147267,2025-10-06,12,4621,5,2566,Pep Set,Carrossel,Silica,13,2,peça,1,1,1,0,2,2,1,3,2025-10-02,2025-10-02,29/09/2025 07:45:24,14,14,2025-09-29 07:45:24.420000000,2025-09-29
7604,147267,2025-10-06,12,4621,6,2567,Pep Set,Carrossel,Silica,13,2,peça,1,1,1,0,2,2,1,3,2025-10-02,2025-10-02,29/09/2025 07:45:24,14,14,2025-09-29 07:45:24.420000000,2025-09-29
7605,147267,2025-10-06,12,4621,7,2568,Pep Set,Carrossel,Silica,9,2,peça,1,1,1,0,2,2,1,3,2025-10-02,2025-10-02,29/09/2025 07:45:24,14,14,2025-09-29 07:45:24.420000000,2025-09-29
7606,147267,2025-10-06,12,4621,20,2629,Cold Box Soprado,Sopradora,Silica,2,3,peça,3,1,1,0,3,1,1,1,2025-10-02,2025-10-02,29/09/2025 07:45:24,14,14,2025-09-29 07:45:24.420000000,2025-09-29
7607,147288,2025-10-07,14,2672,23,2907,Cold Box Gasado,Cold Box Pequena,Silica,10,1,Molde,2,1,238,0,17,9,3,21,2025-10-03,2025-10-03,29/09/2025 07:45:24,14,14,2025-09-29 07:45:24.420000000,2025-09-29
7608,147292,2025-10-08,7,2671,23,2907,Cold Box Gasado,Cold Box Pequena,Silica,10,1,Molde,2,1,224,0,16,8,3,20,2025-10-06,2025-10-06,29/09/2025 07:45:24,14,14,2025-09-29 07:45:24.420000000,2025-09-29