id,_kf_producao,dataFusao,ordenacao,_kf_FichaTecnica,caixa,_kf_macho,processo,recurso,areia,peso,qtd_machos,qtd_machos_por,figuras,qtd_replicas,qtd_op,qtd_realizada,qtd_pendente,qtd_moldes,tempo_ciclo,Tempo Total (minutos),not_before_date,deadline,dataHoraProcess,_kf_statusIntegration,StatusIntegrationId,status_create_date,dt,maquina,not_sequence,inicio,fim
7237,146374,2025-10-01,1,4689,4,386,coldboxsoprado,sopradora,Silica,1,1,peça,4,1,8,0,8,2,1,3.0,2025-09-29,2025-09-29,29/09/2025 07:45:24,14,14,2025-09-29 07:45:24.420000000,2025-09-29,coldboxsoprado_sopradora,True,2025-09-29 00:00:00,2025-09-29 00:03:00
7238,146374,2025-10-01,1,4689,20,2629,coldboxsoprado,sopradora,Silica,2,1,peça,3,1,8,0,6,2,1,3.0,2025-09-29,2025-09-29,29/09/2025 07:45:24,14,14,2025-09-29 07:45:24.420000000,2025-09-29,coldboxsoprado_sopradora,True,2025-09-29 00:03:00,2025-09-29 00:06:00
7308,146412,2025-10-01,1,4690,4,385,coldboxsoprado,sopradora,Silica,1,1,peça,4,1,8,0,8,2,1,3.0,2025-09-29,2025-09-29,29/09/2025 07:45:24,14,14,2025-09-29 07:45:24.420000000,2025-09-29,coldboxsoprado_sopradora,True,2025-09-29 00:06:00,2025-09-29 00:09:00
7309,146412,2025-10-01,1,4690,20,2629,coldboxsoprado,sopradora,Silica,2,1,peça,3,1,8,0,6,2,1,3.0,2025-09-29,2025-09-29,29/09/2025 07:45:24,14,14,2025-09-29 07:45:24.420000000,2025-09-29,coldboxsoprado_sopradora,True,2025-09-29 00:09:00,2025-09-29 00:12:00
7380,146460,2025-09-30,2,4805,3,2692,coldboxsoprado,sopradora,Silica,3,1,peça,2,1,8,0,8,4,1,6.0,2025-09-26,2025-09-29,29/09/2025 07:45:24,14,14,2025-09-29 07:45:24.420000000,2025-09-29,coldboxsoprado_sopradora,True,2025-09-29 00:12:00,2025-09-29 00:18:00
7381,146460,2025-09-30,2,4805,4,2693,coldboxsoprado,sopradora,Silica,1,4,peça,4,1,8,0,32,8,1,11.0,2025-09-26,2025-09-29,29/09/2025 07:45:24,14,14,2025-09-29 07:45:24.420000000,2025-09-29,coldboxsoprado_sopradora,True,2025-09-29 00:18:00,2025-09-29 00:29:00
7382,146460,2025-09-30,2,4805,20,2629,coldboxsoprado,sopradora,Silica,2,2,peça,3,1,8,0,12,4,1,6.0,2025-09-26,2025-09-29,29/09/2025 07:45:24,14,14,2025-09-29 07:45:24.420000000,2025-09-29,coldboxsoprado_sopradora,True,2025-09-29 00:29:00,2025-09-29 00:35:00
7389,146463,2025-10-01,2,4805,3,2692,coldboxsoprado,sopradora,Silica,3,1,peça,2,1,8,0,8,4,1,6.0,2025-09-29,2025-09-29,29/09/2025 07:45:24,14,14,2025-09-29 07:45:24.420000000,2025-09-29,coldboxsoprado_sopradora,True,2025-09-29 00:35:00,2025-09-29 00:41:00
7390,146463,2025-10-01,2,4805,4,2693,coldboxsoprado,sopradora,Silica,1,4,peça,4,1,8,0,32,8,1,11.0,2025-09-29,2025-09-29,29/09/2025 07:45:24,14,14,2025-09-29 07:45:24.420000000,2025-09-29,coldboxsoprado_sopradora,True,2025-09-29 00:41:00,2025-09-29 00:52:00
7391,146463,2025-10-01,2,4805,20,2629,coldboxsoprado,sopradora,Silica,2,2,peça,3,1,8,0,12,4,1,6.0,2025-09-29,2025-09-29,29/09/2025 07:45:24,14,14,2025-09-29 07:45:24.420000000,2025-09-29,coldboxsoprado_sopradora,True,2025-09-29 00:52:00,2025-09-29 00:58:00
7231,146372,2025-09-30,3,4689,4,386,coldboxsoprado,sopradora,Silica,1,1,peça,4,1,8,0,8,2,1,3.0,2025-09-26,2025-09-29,29/09/2025 07:45:24,14,14,2025-09-29 07:45:24.420000000,2025-09-29,coldboxsoprado_sopradora,True,2025-09-29 00:58:00,2025-09-29 01:01:00
7232,146372,2025-09-30,3,4689,20,2629,coldboxsoprado,sopradora,Silica,2,1,peça,3,1,8,0,6,2,1,3.0,2025-09-26,2025-09-29,29/09/2025 07:45:24,14,14,2025-09-29 07:45:24.420000000,2025-09-29,coldboxsoprado_sopradora,True,2025-09-29 01:01:00,2025-09-29 01:04:00
7302,146410,2025-09-30,3,4690,4,385,coldboxsoprado,sopradora,Silica,1,1,peça,4,1,8,0,8,2,1,3.0,2025-09-26,2025-09-29,29/09/2025 07:45:24,14,14,2025-09-29 07:45:24.420000000,2025-09-29,coldboxsoprado_sopradora,True,2025-09-29 01:04:00,2025-09-29 01:07:00
7303,146410,2025-09-30,3,4690,20,2629,coldboxsoprado,sopradora,Silica,2,1,peça,3,1,8,0,6,2,1,3.0,2025-09-26,2025-09-29,29/09/2025 07:45:24,14,14,2025-09-29 07:45:24.420000000,2025-09-29,coldboxsoprado_sopradora,True,2025-09-29 01:07:00,2025-09-29 01:10:00
7179,146056,2025-10-01,4,5135,7,841,coldboxsoprado,sopradora,Silica,1,1,peça,4,1,16,0,16,4,1,6.0,2025-09-29,2025-09-29,29/09/2025 07:45:24,14,14,2025-09-29 07:45:24.420000000,2025-09-29,coldboxsoprado_sopradora,True,2025-09-29 01:10:00,2025-09-29 01:16:00
7180,146056,2025-10-01,4,5135,20,2629,coldboxsoprado,sopradora,Silica,2,2,peça,3,1,16,0,24,8,1,11.0,2025-09-29,2025-09-29,29/09/2025 07:45:24,14,14,2025-09-29 07:45:24.420000000,2025-09-29,coldboxsoprado_sopradora,True,2025-09-29 01:16:00,2025-09-29 01:27:00
7234,146373,2025-09-30,4,4689,4,386,coldboxsoprado,sopradora,Silica,1,1,peça,4,1,8,0,8,2,1,3.0,2025-09-26,2025-09-29,29/09/2025 07:45:24,14,14,2025-09-29 07:45:24.420000000,2025-09-29,coldboxsoprado_sopradora,True,2025-09-29 01:27:00,2025-09-29 01:30:00
7235,146373,2025-09-30,4,4689,20,2629,coldboxsoprado,sopradora,Silica,2,1,peça,3,1,8,0,6,2,1,3.0,2025-09-26,2025-09-29,29/09/2025 07:45:24,14,14,2025-09-29 07:45:24.420000000,2025-09-29,coldboxsoprado_sopradora,True,2025-09-29 01:30:00,2025-09-29 01:33:00
7305,146411,2025-09-30,4,4690,4,385,coldboxsoprado,sopradora,Silica,1,1,peça,4,1,8,0,8,2,1,3.0,2025-09-26,2025-09-29,29/09/2025 07:45:24,14,14,2025-09-29 07:45:24.420000000,2025-09-29,coldboxsoprado_sopradora,True,2025-09-29 01:33:00,2025-09-29 01:36:00
7306,146411,2025-09-30,4,4690,20,2629,coldboxsoprado,sopradora,Silica,2,1,peça,3,1,8,0,6,2,1,3.0,2025-09-26,2025-09-29,29/09/2025 07:45:24,14,14,2025-09-29 07:45:24.420000000,2025-09-29,coldboxsoprado_sopradora,True,2025-09-29 01:36:00,2025-09-29 01:39:00
7241,146375,2025-10-01,5,4689,4,386,coldboxsoprado,sopradora,Silica,1,1,peça,4,1,8,0,8,2,1,3.0,2025-09-29,2025-09-29,29/09/2025 07:45:24,14,14,2025-09-29 07:45:24.420000000,2025-09-29,coldboxsoprado_sopradora,True,2025-09-29 01:39:00,2025-09-29 01:42:00
7242,146375,2025-10-01,5,4689,20,2629,coldboxsoprado,sopradora,Silica,2,1,peça,3,1,8,0,6,2,1,3.0,2025-09-29,2025-09-29,29/09/2025 07:45:24,14,14,2025-09-29 07:45:24.420000000,2025-09-29,coldboxsoprado_sopradora,True,2025-09-29 01:42:00,2025-09-29 01:45:00
7311,146413,2025-10-01,5,4690,4,385,coldboxsoprado,sopradora,Silica,1,1,peça,4,1,8,0,8,2,1,3.0,2025-09-29,2025-09-29,29/09/2025 07:45:24,14,14,2025-09-29 07:45:24.420000000,2025-09-29,coldboxsoprado_sopradora,True,2025-09-29 01:45:00,2025-09-29 01:48:00
7312,146413,2025-10-01,5,4690,20,2629,coldboxsoprado,sopradora,Silica,2,1,peça,3,1,8,0,6,2,1,3.0,2025-09-29,2025-09-29,29/09/2025 07:45:24,14,14,2025-09-29 07:45:24.420000000,2025-09-29,coldboxsoprado_sopradora,True,2025-09-29 01:48:00,2025-09-29 01:51:00
7184,146136,2025-10-01,7,4668,1,2578,coldboxsoprado,sopradora,Silica,7,1,peça,1,1,40,0,40,40,1,57.0,2025-09-29,2025-09-29,29/09/2025 07:45:24,14,14,2025-09-29 07:45:24.420000000,2025-09-29,coldboxsoprado_sopradora,True,2025-09-29 01:51:00,2025-09-29 02:48:00
7185,146136,2025-10-01,7,4668,20,2629,coldboxsoprado,sopradora,Silica,2,1,peça,3,1,40,0,30,10,1,14.0,2025-09-29,2025-09-29,29/09/2025 07:45:24,14,14,2025-09-29 07:45:24.420000000,2025-09-29,coldboxsoprado_sopradora,True,2025-09-29 02:48:00,2025-09-29 03:02:00
7383,146461,2025-09-30,8,4805,3,2692,coldboxsoprado,sopradora,Silica,3,1,peça,2,1,8,0,8,4,1,6.0,2025-09-26,2025-09-29,29/09/2025 07:45:24,14,14,2025-09-29 07:45:24.420000000,2025-09-29,coldboxsoprado_sopradora,True,2025-09-29 03:02:00,2025-09-29 03:08:00
7384,146461,2025-09-30,8,4805,4,2693,coldboxsoprado,sopradora,Silica,1,4,peça,4,1,8,0,32,8,1,11.0,2025-09-26,2025-09-29,29/09/2025 07:45:24,14,14,2025-09-29 07:45:24.420000000,2025-09-29,coldboxsoprado_sopradora,True,2025-09-29 03:08:00,2025-09-29 03:19:00
7385,146461,2025-09-30,8,4805,20,2629,coldboxsoprado,sopradora,Silica,2,2,peça,3,1,8,0,12,4,1,6.0,2025-09-26,2025-09-29,29/09/2025 07:45:24,14,14,2025-09-29 07:45:24.420000000,2025-09-29,coldboxsoprado_sopradora,True,2025-09-29 03:19:00,2025-09-29 03:25:00
7392,146464,2025-10-01,9,4805,3,2692,coldboxsoprado,sopradora,Silica,3,1,peça,2,1,8,0,8,4,1,6.0,2025-09-29,2025-09-29,29/09/2025 07:45:24,14,14,2025-09-29 07:45:24.420000000,2025-09-29,coldboxsoprado_sopradora,True,2025-09-29 03:25:00,2025-09-29 03:31:00
7393,146464,2025-10-01,9,4805,4,2693,coldboxsoprado,sopradora,Silica,1,4,peça,4,1,8,0,32,8,1,11.0,2025-09-29,2025-09-29,29/09/2025 07:45:24,14,14,2025-09-29 07:45:24.420000000,2025-09-29,coldboxsoprado_sopradora,True,2025-09-29 03:31:00,2025-09-29 03:42:00
7394,146464,2025-10-01,9,4805,20,2629,coldboxsoprado,sopradora,Silica,2,2,peça,3,1,8,0,12,4,1,6.0,2025-09-29,2025-09-29,29/09/2025 07:45:24,14,14,2025-09-29 07:45:24.420000000,2025-09-29,coldboxsoprado_sopradora,True,2025-09-29 03:42:00,2025-09-29 03:48:00
7485,146506,2025-09-30,9,4292,1,1755,coldboxsoprado,sopradora,Silica,12,1,peça,1,1,72,0,72,72,1,102.0,2025-09-26,2025-09-29,29/09/2025 07:45:24,14,14,2025-09-29 07:45:24.420000000,2025-09-29,coldboxsoprado_sopradora,True,2025-09-29 03:48:00,2025-09-29 05:30:00
7174,145945,2025-09-29,11,5135,7,841,coldboxsoprado,sopradora,Silica,1,1,peça,4,1,16,0,16,4,1,6.0,2025-09-25,2025-09-29,29/09/2025 07:45:24,14,14,2025-09-29 07:45:24.420000000,2025-09-29,coldboxsoprado_sopradora,True,2025-09-29 05:30:00,2025-09-29 05:36:00
7175,145945,2025-09-29,11,5135,20,2629,coldboxsoprado,sopradora,Silica,2,2,peça,3,1,16,0,24,8,1,11.0,2025-09-25,2025-09-29,29/09/2025 07:45:24,14,14,2025-09-29 07:45:24.420000000,2025-09-29,coldboxsoprado_sopradora,True,2025-09-29 05:36:00,2025-09-29 05:47:00
7177,146035,2025-09-30,11,5135,7,841,coldboxsoprado,sopradora,Silica,1,1,peça,4,1,16,0,16,4,1,6.0,2025-09-26,2025-09-29,29/09/2025 07:45:24,14,14,2025-09-29 07:45:24.420000000,2025-09-29,coldboxsoprado_sopradora,True,2025-09-29 05:47:00,2025-09-29 05:53:00
7178,146035,2025-09-30,11,5135,20,2629,coldboxsoprado,sopradora,Silica,2,2,peça,3,1,16,0,24,8,1,11.0,2025-09-26,2025-09-29,29/09/2025 07:45:24,14,14,2025-09-29 07:45:24.420000000,2025-09-29,coldboxsoprado_sopradora,True,2025-09-29 05:53:00,2025-09-29 06:04:00
7487,146507,2025-10-01,11,4292,1,1755,coldboxsoprado,sopradora,Silica,12,1,peça,1,1,72,0,72,72,1,102.0,2025-09-29,2025-09-29,29/09/2025 07:45:24,14,14,2025-09-29 07:45:24.420000000,2025-09-29,coldboxsoprado_sopradora,True,2025-09-29 06:04:00,2025-09-29 07:46:00
7137,145268,2025-09-29,12,5134,20,2629,coldboxsoprado,sopradora,Silica,2,2,peça,3,1,16,0,24,8,1,11.0,2025-09-25,2025-09-29,29/09/2025 07:45:24,14,14,2025-09-29 07:45:24.420000000,2025-09-29,coldboxsoprado_sopradora,True,2025-09-29 07:46:00,2025-09-29 07:57:00
7165,145799,2025-10-01,12,4621,20,2629,coldboxsoprado,sopradora,Silica,2,3,peça,3,1,6,0,18,6,1,9.0,2025-09-29,2025-09-29,29/09/2025 07:45:24,14,14,2025-09-29 07:45:24.420000000,2025-09-29,coldboxsoprado_sopradora,True,2025-09-29 07:57:00,2025-09-29 08:06:00
7191,146243,2025-10-01,13,4755,2,117,coldboxsoprado,sopradora,Silica,6,1,peça,2,1,20,0,20,10,1,14.0,2025-09-29,2025-09-29,29/09/2025 07:45:24,14,14,2025-09-29 07:45:24.420000000,2025-09-29,coldboxsoprado_sopradora,True,2025-09-29 08:06:00,2025-09-29 08:20:00
7192,146243,2025-10-01,13,4755,3,2514,coldboxsoprado,sopradora,Silica,3,1,peça,4,1,20,19,1,0,1,0.0,2025-09-29,2025-09-29,29/09/2025 07:45:24,14,14,2025-09-29 07:45:24.420000000,2025-09-29,coldboxsoprado_sopradora,True,2025-09-29 08:20:00,2025-09-29 08:20:00
7386,146462,2025-09-30,13,4805,3,2692,coldboxsoprado,sopradora,Silica,3,1,peça,2,1,8,0,8,4,1,6.0,2025-09-26,2025-09-29,29/09/2025 07:45:24,14,14,2025-09-29 07:45:24.420000000,2025-09-29,coldboxsoprado_sopradora,True,2025-09-29 08:20:00,2025-09-29 08:26:00
7387,146462,2025-09-30,13,4805,4,2693,coldboxsoprado,sopradora,Silica,1,4,peça,4,1,8,0,32,8,1,11.0,2025-09-26,2025-09-29,29/09/2025 07:45:24,14,14,2025-09-29 07:45:24.420000000,2025-09-29,coldboxsoprado_sopradora,True,2025-09-29 08:26:00,2025-09-29 08:37:00
7388,146462,2025-09-30,13,4805,20,2629,coldboxsoprado,sopradora,Silica,2,2,peça,3,1,8,0,12,4,1,6.0,2025-09-26,2025-09-29,29/09/2025 07:45:24,14,14,2025-09-29 07:45:24.420000000,2025-09-29,coldboxsoprado_sopradora,True,2025-09-29 08:37:00,2025-09-29 08:43:00
7138,145269,2025-10-01,14,5134,20,2629,coldboxsoprado,sopradora,Silica,2,2,peça,3,1,16,0,24,8,1,11.0,2025-09-29,2025-09-29,29/09/2025 07:45:24,14,14,2025-09-29 07:45:24.420000000,2025-09-29,coldboxsoprado_sopradora,True,2025-09-29 08:43:00,2025-09-29 08:54:00
7181,146057,2025-09-30,14,4668,1,2578,coldboxsoprado,sopradora,Silica,7,1,peça,1,1,40,0,40,40,1,57.0,2025-09-26,2025-09-29,29/09/2025 07:45:24,14,14,2025-09-29 07:45:24.420000000,2025-09-29,coldboxsoprado_sopradora,True,2025-09-29 08:54:00,2025-09-29 09:51:00
7182,146057,2025-09-30,14,4668,20,2629,coldboxsoprado,sopradora,Silica,2,1,peça,3,1,40,0,30,10,1,14.0,2025-09-26,2025-09-29,29/09/2025 07:45:24,14,14,2025-09-29 07:45:24.420000000,2025-09-29,coldboxsoprado_sopradora,True,2025-09-29 09:51:00,2025-09-29 10:05:00
7243,146376,2025-10-01,15,4689,4,386,coldboxsoprado,sopradora,Silica,1,1,peça,4,1,8,0,8,2,1,3.0,2025-09-29,2025-09-29,29/09/2025 07:45:24,14,14,2025-09-29 07:45:24.420000000,2025-09-29,coldboxsoprado_sopradora,True,2025-09-29 10:05:00,2025-09-29 10:08:00
7244,146376,2025-10-01,15,4689,20,2629,coldboxsoprado,sopradora,Silica,2,1,peça,3,1,8,0,6,2,1,3.0,2025-09-29,2025-09-29,29/09/2025 07:45:24,14,14,2025-09-29 07:45:24.420000000,2025-09-29,coldboxsoprado_sopradora,True,2025-09-29 10:08:00,2025-09-29 10:11:00
7313,146414,2025-10-01,15,4690,4,385,coldboxsoprado,sopradora,Silica,1,1,peça,4,1,8,0,8,2,1,3.0,2025-09-29,2025-09-29,29/09/2025 07:45:24,14,14,2025-09-29 07:45:24.420000000,2025-09-29,coldboxsoprado_sopradora,True,2025-09-29 10:11:00,2025-09-29 10:14:00
7314,146414,2025-10-01,15,4690,20,2629,coldboxsoprado,sopradora,Silica,2,1,peça,3,1,8,0,6,2,1,3.0,2025-09-29,2025-09-29,29/09/2025 07:45:24,14,14,2025-09-29 07:45:24.420000000,2025-09-29,coldboxsoprado_sopradora,True,2025-09-29 10:14:00,2025-09-29 10:17:00
7513,146812,2025-09-29,15,4835,2,2708,coldboxsoprado,sopradora,Silica,3,1,peça,2,2,40,27,13,7,1,9.0,2025-09-25,2025-09-29,29/09/2025 07:45:24,14,14,2025-09-29 07:45:24.420000000,2025-09-29,coldboxsoprado_sopradora,True,2025-09-29 10:17:00,2025-09-29 10:26:00
7514,146812,2025-09-29,15,4835,3,2709,coldboxsoprado,sopradora,Silica,1,1,peça,2,1,40,27,13,7,1,9.0,2025-09-25,2025-09-29,29/09/2025 07:45:24,14,14,2025-09-29 07:45:24.420000000,2025-09-29,coldboxsoprado_sopradora,True,2025-09-29 10:26:00,2025-09-29 10:35:00
7145,145489,2025-09-30,16,4759,20,2629,coldboxsoprado,sopradora,Silica,2,3,peça,3,1,6,0,18,6,1,9.0,2025-09-26,2025-09-29,29/09/2025 07:45:24,14,14,2025-09-29 07:45:24.420000000,2025-09-29,coldboxsoprado_sopradora,True,2025-09-29 10:35:00,2025-09-29 10:44:00
7529,146831,2025-09-29,16,4836,2,2708,coldboxsoprado,sopradora,Silica,3,1,peça,2,2,40,0,40,20,1,28.0,2025-09-25,2025-09-29,29/09/2025 07:45:24,14,14,2025-09-29 07:45:24.420000000,2025-09-29,coldboxsoprado_sopradora,True,2025-09-29 10:44:00,2025-09-29 11:12:00
7530,146831,2025-09-29,16,4836,3,2709,coldboxsoprado,sopradora,Silica,1,1,peça,2,1,40,0,40,20,1,28.0,2025-09-25,2025-09-29,29/09/2025 07:45:24,14,14,2025-09-29 07:45:24.420000000,2025-09-29,coldboxsoprado_sopradora,True,2025-09-29 11:12:00,2025-09-29 11:40:00
7247,146377,2025-10-02,1,4689,4,386,coldboxsoprado,sopradora,Silica,1,1,peça,4,1,8,0,8,2,1,3.0,2025-09-30,2025-09-30,29/09/2025 07:45:24,14,14,2025-09-29 07:45:24.420000000,2025-09-29,coldboxsoprado_sopradora,True,2025-09-30 00:00:00,2025-09-30 00:03:00
7248,146377,2025-10-02,1,4689,20,2629,coldboxsoprado,sopradora,Silica,2,1,peça,3,1,8,0,6,2,1,3.0,2025-09-30,2025-09-30,29/09/2025 07:45:24,14,14,2025-09-29 07:45:24.420000000,2025-09-29,coldboxsoprado_sopradora,True,2025-09-30 00:03:00,2025-09-30 00:06:00
7317,146415,2025-10-02,1,4690,4,385,coldboxsoprado,sopradora,Silica,1,1,peça,4,1,8,0,8,2,1,3.0,2025-09-30,2025-09-30,29/09/2025 07:45:24,14,14,2025-09-29 07:45:24.420000000,2025-09-29,coldboxsoprado_sopradora,True,2025-09-30 00:06:00,2025-09-30 00:09:00
7318,146415,2025-10-02,1,4690,20,2629,coldboxsoprado,sopradora,Silica,2,1,peça,3,1,8,0,6,2,1,3.0,2025-09-30,2025-09-30,29/09/2025 07:45:24,14,14,2025-09-29 07:45:24.420000000,2025-09-29,coldboxsoprado_sopradora,True,2025-09-30 00:09:00,2025-09-30 00:12:00
7397,146465,2025-10-02,2,4805,3,2692,coldboxsoprado,sopradora,Silica,3,1,peça,2,1,8,0,8,4,1,6.0,2025-09-30,2025-09-30,29/09/2025 07:45:24,14,14,2025-09-29 07:45:24.420000000,2025-09-29,coldboxsoprado_sopradora,True,2025-09-30 00:12:00,2025-09-30 00:18:00
7398,146465,2025-10-02,2,4805,4,2693,coldboxsoprado,sopradora,Silica,1,4,peça,4,1,8,0,32,8,1,11.0,2025-09-30,2025-09-30,29/09/2025 07:45:24,14,14,2025-09-29 07:45:24.420000000,2025-09-29,coldboxsoprado_sopradora,True,2025-09-30 00:18:00,2025-09-30 00:29:00
7404,146465,2025-10-02,2,4805,20,2629,coldboxsoprado,sopradora,Silica,2,2,peça,3,1,8,0,12,4,1,6.0,2025-09-30,2025-09-30,29/09/2025 07:45:24,14,14,2025-09-29 07:45:24.420000000,2025-09-29,coldboxsoprado_sopradora,True,2025-09-30 00:29:00,2025-09-30 00:35:00
7515,146813,2025-10-02,3,4835,2,2708,coldboxsoprado,sopradora,Silica,3,1,peça,2,2,40,0,40,20,1,28.0,2025-09-30,2025-09-30,29/09/2025 07:45:24,14,14,2025-09-29 07:45:24.420000000,2025-09-29,coldboxsoprado_sopradora,True,2025-09-30 00:35:00,2025-09-30 01:03:00
7516,146813,2025-10-02,3,4835,3,2709,coldboxsoprado,sopradora,Silica,1,1,peça,2,1,40,0,40,20,1,28.0,2025-09-30,2025-09-30,29/09/2025 07:45:24,14,14,2025-09-29 07:45:24.420000000,2025-09-29,coldboxsoprado_sopradora,True,2025-09-30 01:03:00,2025-09-30 01:31:00
7531,146832,2025-10-02,4,4836,2,2708,coldboxsoprado,sopradora,Silica,3,1,peça,2,2,40,0,40,20,1,28.0,2025-09-30,2025-09-30,29/09/2025 07:45:24,14,14,2025-09-29 07:45:24.420000000,2025-09-29,coldboxsoprado_sopradora,True,2025-09-30 01:31:00,2025-09-30 01:59:00
7532,146832,2025-10-02,4,4836,3,2709,coldboxsoprado,sopradora,Silica,1,1,peça,2,1,40,0,40,20,1,28.0,2025-09-30,2025-09-30,29/09/2025 07:45:24,14,14,2025-09-29 07:45:24.420000000,2025-09-29,coldboxsoprado_sopradora,True,2025-09-30 01:59:00,2025-09-30 02:27:00
7251,146378,2025-10-02,5,4689,4,386,coldboxsoprado,sopradora,Silica,1,1,peça,4,1,8,0,8,2,1,3.0,2025-09-30,2025-09-30,29/09/2025 07:45:24,14,14,2025-09-29 07:45:24.420000000,2025-09-29,coldboxsoprado_sopradora,True,2025-09-30 02:27:00,2025-09-30 02:30:00
7252,146378,2025-10-02,5,4689,20,2629,coldboxsoprado,sopradora,Silica,2,1,peça,3,1,8,0,6,2,1,3.0,2025-09-30,2025-09-30,29/09/2025 07:45:24,14,14,2025-09-29 07:45:24.420000000,2025-09-29,coldboxsoprado_sopradora,True,2025-09-30 02:30:00,2025-09-30 02:33:00
7321,146416,2025-10-02,5,4690,4,385,coldboxsoprado,sopradora,Silica,1,1,peça,4,1,8,0,8,2,1,3.0,2025-09-30,2025-09-30,29/09/2025 07:45:24,14,14,2025-09-29 07:45:24.420000000,2025-09-29,coldboxsoprado_sopradora,True,2025-09-30 02:33:00,2025-09-30 02:36:00
7322,146416,2025-10-02,5,4690,20,2629,coldboxsoprado,sopradora,Silica,2,1,peça,3,1,8,0,6,2,1,3.0,2025-09-30,2025-09-30,29/09/2025 07:45:24,14,14,2025-09-29 07:45:24.420000000,2025-09-29,coldboxsoprado_sopradora,True,2025-09-30 02:36:00,2025-09-30 02:39:00
7139,145270,2025-10-02,7,5134,20,2629,coldboxsoprado,sopradora,Silica,2,2,peça,3,1,16,0,24,8,1,11.0,2025-09-30,2025-09-30,29/09/2025 07:45:24,14,14,2025-09-29 07:45:24.420000000,2025-09-29,coldboxsoprado_sopradora,True,2025-09-30 02:39:00,2025-09-30 02:50:00
7407,146466,2025-10-02,8,4805,3,2692,coldboxsoprado,sopradora,Silica,3,1,peça,2,1,8,0,8,4,1,6.0,2025-09-30,2025-09-30,29/09/2025 07:45:24,14,14,2025-09-29 07:45:24.420000000,2025-09-29,coldboxsoprado_sopradora,True,2025-09-30 02:50:00,2025-09-30 02:56:00
7408,146466,2025-10-02,8,4805,4,2693,coldboxsoprado,sopradora,Silica,1,4,peça,4,1,8,0,32,8,1,11.0,2025-09-30,2025-09-30,29/09/2025 07:45:24,14,14,2025-09-29 07:45:24.420000000,2025-09-29,coldboxsoprado_sopradora,True,2025-09-30 02:56:00,2025-09-30 03:07:00
7414,146466,2025-10-02,8,4805,20,2629,coldboxsoprado,sopradora,Silica,2,2,peça,3,1,8,0,12,4,1,6.0,2025-09-30,2025-09-30,29/09/2025 07:45:24,14,14,2025-09-29 07:45:24.420000000,2025-09-29,coldboxsoprado_sopradora,True,2025-09-30 03:07:00,2025-09-30 03:13:00
7219,146301,2025-10-02,9,4396,1,2302,coldboxsoprado,sopradora,Silica,11,1,peça,1,1,48,0,48,48,1,68.0,2025-09-30,2025-09-30,29/09/2025 07:45:24,14,14,2025-09-29 07:45:24.420000000,2025-09-29,coldboxsoprado_sopradora,True,2025-09-30 03:13:00,2025-09-30 04:21:00
7255,146379,2025-10-02,12,4689,4,386,coldboxsoprado,sopradora,Silica,1,1,peça,4,1,8,0,8,2,1,3.0,2025-09-30,2025-09-30,29/09/2025 07:45:24,14,14,2025-09-29 07:45:24.420000000,2025-09-29,coldboxsoprado_sopradora,True,2025-09-30 04:21:00,2025-09-30 04:24:00
7256,146379,2025-10-02,12,4689,20,2629,coldboxsoprado,sopradora,Silica,2,1,peça,3,1,8,0,6,2,1,3.0,2025-09-30,2025-09-30,29/09/2025 07:45:24,14,14,2025-09-29 07:45:24.420000000,2025-09-29,coldboxsoprado_sopradora,True,2025-09-30 04:24:00,2025-09-30 04:27:00
7325,146417,2025-10-02,12,4690,4,385,coldboxsoprado,sopradora,Silica,1,1,peça,4,1,8,0,8,2,1,3.0,2025-09-30,2025-09-30,29/09/2025 07:45:24,14,14,2025-09-29 07:45:24.420000000,2025-09-29,coldboxsoprado_sopradora,True,2025-09-30 04:27:00,2025-09-30 04:30:00
7326,146417,2025-10-02,12,4690,20,2629,coldboxsoprado,sopradora,Silica,2,1,peça,3,1,8,0,6,2,1,3.0,2025-09-30,2025-09-30,29/09/2025 07:45:24,14,14,2025-09-29 07:45:24.420000000,2025-09-29,coldboxsoprado_sopradora,True,2025-09-30 04:30:00,2025-09-30 04:33:00
7156,145775,2025-10-02,13,4054,6,840,coldboxsoprado,sopradora,Silica,2,1,peça,4,1,12,0,12,3,1,4.0,2025-09-30,2025-09-30,29/09/2025 07:45:24,14,14,2025-09-29 07:45:24.420000000,2025-09-29,coldboxsoprado_sopradora,True,2025-09-30 04:33:00,2025-09-30 04:37:00
7157,145775,2025-10-02,13,4054,7,834,coldboxsoprado,sopradora,Silica,1,1,peça,4,1,12,0,12,3,1,4.0,2025-09-30,2025-09-30,29/09/2025 07:45:24,14,14,2025-09-29 07:45:24.420000000,2025-09-29,coldboxsoprado_sopradora,True,2025-09-30 04:37:00,2025-09-30 04:41:00
7194,146244,2025-10-02,14,4755,2,117,coldboxsoprado,sopradora,Silica,6,1,peça,2,1,20,0,20,10,1,14.0,2025-09-30,2025-09-30,29/09/2025 07:45:24,14,14,2025-09-29 07:45:24.420000000,2025-09-29,coldboxsoprado_sopradora,True,2025-09-30 04:41:00,2025-09-30 04:55:00
7195,146244,2025-10-02,14,4755,3,2514,coldboxsoprado,sopradora,Silica,3,1,peça,4,1,20,0,20,5,1,7.0,2025-09-30,2025-09-30,29/09/2025 07:45:24,14,14,2025-09-29 07:45:24.420000000,2025-09-29,coldboxsoprado_sopradora,True,2025-09-30 04:55:00,2025-09-30 05:02:00
7417,146467,2025-10-02,15,4805,3,2692,coldboxsoprado,sopradora,Silica,3,1,peça,2,1,8,0,8,4,1,6.0,2025-09-30,2025-09-30,29/09/2025 07:45:24,14,14,2025-09-29 07:45:24.420000000,2025-09-29,coldboxsoprado_sopradora,True,2025-09-30 05:02:00,2025-09-30 05:08:00
7418,146467,2025-10-02,15,4805,4,2693,coldboxsoprado,sopradora,Silica,1,4,peça,4,1,8,0,32,8,1,11.0,2025-09-30,2025-09-30,29/09/2025 07:45:24,14,14,2025-09-29 07:45:24.420000000,2025-09-29,coldboxsoprado_sopradora,True,2025-09-30 05:08:00,2025-09-30 05:19:00
7424,146467,2025-10-02,15,4805,20,2629,coldboxsoprado,sopradora,Silica,2,2,peça,3,1,8,0,12,4,1,6.0,2025-09-30,2025-09-30,29/09/2025 07:45:24,14,14,2025-09-29 07:45:24.420000000,2025-09-29,coldboxsoprado_sopradora,True,2025-09-30 05:19:00,2025-09-30 05:25:00
7260,146380,2025-10-03,1,4689,4,386,coldboxsoprado,sopradora,Silica,1,1,peça,4,1,8,0,8,2,1,3.0,2025-10-01,2025-10-01,29/09/2025 07:45:24,14,14,2025-09-29 07:45:24.420000000,2025-09-29,coldboxsoprado_sopradora,True,2025-10-01 00:00:00,2025-10-01 00:03:00
7261,146380,2025-10-03,1,4689,20,2629,coldboxsoprado,sopradora,Silica,2,1,peça,3,1,8,0,6,2,1,3.0,2025-10-01,2025-10-01,29/09/2025 07:45:24,14,14,2025-09-29 07:45:24.420000000,2025-09-29,coldboxsoprado_sopradora,True,2025-10-01 00:03:00,2025-10-01 00:06:00
7330,146418,2025-10-03,1,4690,4,385,coldboxsoprado,sopradora,Silica,1,1,peça,4,1,8,0,8,2,1,3.0,2025-10-01,2025-10-01,29/09/2025 07:45:24,14,14,2025-09-29 07:45:24.420000000,2025-09-29,coldboxsoprado_sopradora,True,2025-10-01 00:06:00,2025-10-01 00:09:00
7331,146418,2025-10-03,1,4690,20,2629,coldboxsoprado,sopradora,Silica,2,1,peça,3,1,8,0,6,2,1,3.0,2025-10-01,2025-10-01,29/09/2025 07:45:24,14,14,2025-09-29 07:45:24.420000000,2025-09-29,coldboxsoprado_sopradora,True,2025-10-01 00:09:00,2025-10-01 00:12:00
7517,146814,2025-10-03,4,4835,1,2707,coldboxsoprado,sopradora,Silica,4,1,peça,4,2,40,0,40,10,1,14.0,2025-10-01,2025-10-01,29/09/2025 07:45:24,14,14,2025-09-29 07:45:24.420000000,2025-09-29,coldboxsoprado_sopradora,True,2025-10-01 00:12:00,2025-10-01 00:26:00
7518,146814,2025-10-03,4,4835,2,2708,coldboxsoprado,sopradora,Silica,3,1,peça,2,2,40,0,40,20,1,28.0,2025-10-01,2025-10-01,29/09/2025 07:45:24,14,14,2025-09-29 07:45:24.420000000,2025-09-29,coldboxsoprado_sopradora,True,2025-10-01 00:26:00,2025-10-01 00:54:00
7519,146814,2025-10-03,4,4835,3,2709,coldboxsoprado,sopradora,Silica,1,1,peça,2,1,40,0,40,20,1,28.0,2025-10-01,2025-10-01,29/09/2025 07:45:24,14,14,2025-09-29 07:45:24.420000000,2025-09-29,coldboxsoprado_sopradora,True,2025-10-01 00:54:00,2025-10-01 01:22:00
7545,146840,2025-10-03,6,4858,1,2735,coldboxsoprado,sopradora,Silica,1,1,peça,14,1,70,0,70,5,1,7.0,2025-10-01,2025-10-01,29/09/2025 07:45:24,14,14,2025-09-29 07:45:24.420000000,2025-09-29,coldboxsoprado_sopradora,True,2025-10-01 01:22:00,2025-10-01 01:29:00
7546,146840,2025-10-03,6,4858,2,2736,coldboxsoprado,sopradora,Silica,0,1,peça,9,1,70,0,70,8,1,11.0,2025-10-01,2025-10-01,29/09/2025 07:45:24,14,14,2025-09-29 07:45:24.420000000,2025-09-29,coldboxsoprado_sopradora,True,2025-10-01 01:29:00,2025-10-01 01:40:00
7221,146314,2025-10-03,7,4859,1,2735,coldboxsoprado,sopradora,Silica,1,1,peça,14,1,70,0,70,5,1,7.0,2025-10-01,2025-10-01,29/09/2025 07:45:24,14,14,2025-09-29 07:45:24.420000000,2025-09-29,coldboxsoprado_sopradora,True,2025-10-01 01:40:00,2025-10-01 01:47:00
7222,146314,2025-10-03,7,4859,2,2736,coldboxsoprado,sopradora,Silica,0,1,peça,9,1,70,0,70,8,1,11.0,2025-10-01,2025-10-01,29/09/2025 07:45:24,14,14,2025-09-29 07:45:24.420000000,2025-09-29,coldboxsoprado_sopradora,True,2025-10-01 01:47:00,2025-10-01 01:58:00
7265,146381,2025-10-03,8,4689,4,386,coldboxsoprado,sopradora,Silica,1,1,peça,4,1,8,0,8,2,1,3.0,2025-10-01,2025-10-01,29/09/2025 07:45:24,14,14,2025-09-29 07:45:24.420000000,2025-09-29,coldboxsoprado_sopradora,True,2025-10-01 01:58:00,2025-10-01 02:01:00
7266,146381,2025-10-03,8,4689,20,2629,coldboxsoprado,sopradora,Silica,2,1,peça,3,1,8,0,6,2,1,3.0,2025-10-01,2025-10-01,29/09/2025 07:45:24,14,14,2025-09-29 07:45:24.420000000,2025-09-29,coldboxsoprado_sopradora,True,2025-10-01 02:01:00,2025-10-01 02:04:00
7335,146419,2025-10-03,8,4690,4,385,coldboxsoprado,sopradora,Silica,1,1,peça,4,1,8,0,8,2,1,3.0,2025-10-01,2025-10-01,29/09/2025 07:45:24,14,14,2025-09-29 07:45:24.420000000,2025-09-29,coldboxsoprado_sopradora,True,2025-10-01 02:04:00,2025-10-01 02:07:00
7336,146419,2025-10-03,8,4690,20,2629,coldboxsoprado,sopradora,Silica,2,1,peça,3,1,8,0,6,2,1,3.0,2025-10-01,2025-10-01,29/09/2025 07:45:24,14,14,2025-09-29 07:45:24.420000000,2025-09-29,coldboxsoprado_sopradora,True,2025-10-01 02:07:00,2025-10-01 02:10:00
7533,146833,2025-10-03,11,4836,1,2715,coldboxsoprado,sopradora,Silica,4,1,peça,4,2,40,0,40,10,1,14.0,2025-10-01,2025-10-01,29/09/2025 07:45:24,14,14,2025-09-29 07:45:24.420000000,2025-09-29,coldboxsoprado_sopradora,True,2025-10-01 02:10:00,2025-10-01 02:24:00
7534,146833,2025-10-03,11,4836,2,2708,coldboxsoprado,sopradora,Silica,3,1,peça,2,2,40,0,40,20,1,28.0,2025-10-01,2025-10-01,29/09/2025 07:45:24,14,14,2025-09-29 07:45:24.420000000,2025-09-29,coldboxsoprado_sopradora,True,2025-10-01 02:24:00,2025-10-01 02:52:00
7535,146833,2025-10-03,11,4836,3,2709,coldboxsoprado,sopradora,Silica,1,1,peça,2,1,40,0,40,20,1,28.0,2025-10-01,2025-10-01,29/09/2025 07:45:24,14,14,2025-09-29 07:45:24.420000000,2025-09-29,coldboxsoprado_sopradora,True,2025-10-01 02:52:00,2025-10-01 03:20:00
7141,145271,2025-10-03,13,5134,6,840,coldboxsoprado,sopradora,Silica,2,1,peça,4,1,16,0,16,4,1,6.0,2025-10-01,2025-10-01,29/09/2025 07:45:24,14,14,2025-09-29 07:45:24.420000000,2025-09-29,coldboxsoprado_sopradora,True,2025-10-01 03:20:00,2025-10-01 03:26:00
7142,145271,2025-10-03,13,5134,7,834,coldboxsoprado,sopradora,Silica,1,1,peça,4,1,16,0,16,4,1,6.0,2025-10-01,2025-10-01,29/09/2025 07:45:24,14,14,2025-09-29 07:45:24.420000000,2025-09-29,coldboxsoprado_sopradora,True,2025-10-01 03:26:00,2025-10-01 03:32:00
7143,145271,2025-10-03,13,5134,20,2629,coldboxsoprado,sopradora,Silica,2,2,peça,3,1,16,0,24,8,1,11.0,2025-10-01,2025-10-01,29/09/2025 07:45:24,14,14,2025-09-29 07:45:24.420000000,2025-09-29,coldboxsoprado_sopradora,True,2025-10-01 03:32:00,2025-10-01 03:43:00
7188,146173,2025-10-03,14,5135,6,840,coldboxsoprado,sopradora,Silica,2,1,peça,4,1,16,0,16,4,1,6.0,2025-10-01,2025-10-01,29/09/2025 07:45:24,14,14,2025-09-29 07:45:24.420000000,2025-09-29,coldboxsoprado_sopradora,True,2025-10-01 03:43:00,2025-10-01 03:49:00
7189,146173,2025-10-03,14,5135,7,841,coldboxsoprado,sopradora,Silica,1,1,peça,4,1,16,0,16,4,1,6.0,2025-10-01,2025-10-01,29/09/2025 07:45:24,14,14,2025-09-29 07:45:24.420000000,2025-09-29,coldboxsoprado_sopradora,True,2025-10-01 03:49:00,2025-10-01 03:55:00
7190,146173,2025-10-03,14,5135,20,2629,coldboxsoprado,sopradora,Silica,2,2,peça,3,1,16,0,24,8,1,11.0,2025-10-01,2025-10-01,29/09/2025 07:45:24,14,14,2025-09-29 07:45:24.420000000,2025-09-29,coldboxsoprado_sopradora,True,2025-10-01 03:55:00,2025-10-01 04:06:00
7490,146527,2025-10-03,16,4755,2,117,coldboxsoprado,sopradora,Silica,6,1,peça,2,1,20,0,20,10,1,14.0,2025-10-01,2025-10-01,29/09/2025 07:45:24,14,14,2025-09-29 07:45:24.420000000,2025-09-29,coldboxsoprado_sopradora,True,2025-10-01 04:06:00,2025-10-01 04:20:00
7491,146527,2025-10-03,16,4755,3,2514,coldboxsoprado,sopradora,Silica,3,1,peça,4,1,20,0,20,5,1,7.0,2025-10-01,2025-10-01,29/09/2025 07:45:24,14,14,2025-09-29 07:45:24.420000000,2025-09-29,coldboxsoprado_sopradora,True,2025-10-01 04:20:00,2025-10-01 04:27:00
7270,146382,2025-10-06,1,4689,4,386,coldboxsoprado,sopradora,Silica,1,1,peça,4,1,8,0,8,2,1,3.0,2025-10-02,2025-10-02,29/09/2025 07:45:24,14,14,2025-09-29 07:45:24.420000000,2025-09-29,coldboxsoprado_sopradora,True,2025-10-02 00:00:00,2025-10-02 00:03:00
7271,146382,2025-10-06,1,4689,20,2629,coldboxsoprado,sopradora,Silica,2,1,peça,3,1,8,0,6,2,1,3.0,2025-10-02,2025-10-02,29/09/2025 07:45:24,14,14,2025-09-29 07:45:24.420000000,2025-09-29,coldboxsoprado_sopradora,True,2025-10-02 00:03:00,2025-10-02 00:06:00
7340,146420,2025-10-06,1,4690,4,385,coldboxsoprado,sopradora,Silica,1,1,peça,4,1,8,0,8,2,1,3.0,2025-10-02,2025-10-02,29/09/2025 07:45:24,14,14,2025-09-29 07:45:24.420000000,2025-09-29,coldboxsoprado_sopradora,True,2025-10-02 00:06:00,2025-10-02 00:09:00
7341,146420,2025-10-06,1,4690,20,2629,coldboxsoprado,sopradora,Silica,2,1,peça,3,1,8,0,6,2,1,3.0,2025-10-02,2025-10-02,29/09/2025 07:45:24,14,14,2025-09-29 07:45:24.420000000,2025-09-29,coldboxsoprado_sopradora,True,2025-10-02 00:09:00,2025-10-02 00:12:00
7427,146468,2025-10-06,2,4805,3,2692,coldboxsoprado,sopradora,Silica,3,1,peça,2,1,8,0,8,4,1,6.0,2025-10-02,2025-10-02,29/09/2025 07:45:24,14,14,2025-09-29 07:45:24.420000000,2025-09-29,coldboxsoprado_sopradora,True,2025-10-02 00:12:00,2025-10-02 00:18:00
7428,146468,2025-10-06,2,4805,4,2693,coldboxsoprado,sopradora,Silica,1,4,peça,4,1,8,0,32,8,1,11.0,2025-10-02,2025-10-02,29/09/2025 07:45:24,14,14,2025-09-29 07:45:24.420000000,2025-09-29,coldboxsoprado_sopradora,True,2025-10-02 00:18:00,2025-10-02 00:29:00
7434,146468,2025-10-06,2,4805,20,2629,coldboxsoprado,sopradora,Silica,2,2,peça,3,1,8,0,12,4,1,6.0,2025-10-02,2025-10-02,29/09/2025 07:45:24,14,14,2025-09-29 07:45:24.420000000,2025-09-29,coldboxsoprado_sopradora,True,2025-10-02 00:29:00,2025-10-02 00:35:00
7493,146528,2025-10-06,3,4755,2,117,coldboxsoprado,sopradora,Silica,6,1,peça,2,1,20,0,20,10,1,14.0,2025-10-02,2025-10-02,29/09/2025 07:45:24,14,14,2025-09-29 07:45:24.420000000,2025-09-29,coldboxsoprado_sopradora,True,2025-10-02 00:35:00,2025-10-02 00:49:00
7494,146528,2025-10-06,3,4755,3,2514,coldboxsoprado,sopradora,Silica,3,1,peça,4,1,20,0,20,5,1,7.0,2025-10-02,2025-10-02,29/09/2025 07:45:24,14,14,2025-09-29 07:45:24.420000000,2025-09-29,coldboxsoprado_sopradora,True,2025-10-02 00:49:00,2025-10-02 00:56:00
7220,146302,2025-10-06,4,4396,1,2302,coldboxsoprado,sopradora,Silica,11,1,peça,1,1,48,0,48,48,1,68.0,2025-10-02,2025-10-02,29/09/2025 07:45:24,14,14,2025-09-29 07:45:24.420000000,2025-09-29,coldboxsoprado_sopradora,True,2025-10-02 00:56:00,2025-10-02 02:04:00
7275,146383,2025-10-06,5,4689,4,386,coldboxsoprado,sopradora,Silica,1,1,peça,4,1,8,0,8,2,1,3.0,2025-10-02,2025-10-02,29/09/2025 07:45:24,14,14,2025-09-29 07:45:24.420000000,2025-09-29,coldboxsoprado_sopradora,True,2025-10-02 02:04:00,2025-10-02 02:07:00
7276,146383,2025-10-06,5,4689,20,2629,coldboxsoprado,sopradora,Silica,2,1,peça,3,1,8,0,6,2,1,3.0,2025-10-02,2025-10-02,29/09/2025 07:45:24,14,14,2025-09-29 07:45:24.420000000,2025-09-29,coldboxsoprado_sopradora,True,2025-10-02 02:07:00,2025-10-02 02:10:00
7345,146421,2025-10-06,5,4690,4,385,coldboxsoprado,sopradora,Silica,1,1,peça,4,1,8,0,8,2,1,3.0,2025-10-02,2025-10-02,29/09/2025 07:45:24,14,14,2025-09-29 07:45:24.420000000,2025-09-29,coldboxsoprado_sopradora,True,2025-10-02 02:10:00,2025-10-02 02:13:00
7346,146421,2025-10-06,5,4690,20,2629,coldboxsoprado,sopradora,Silica,2,1,peça,3,1,8,0,6,2,1,3.0,2025-10-02,2025-10-02,29/09/2025 07:45:24,14,14,2025-09-29 07:45:24.420000000,2025-09-29,coldboxsoprado_sopradora,True,2025-10-02 02:13:00,2025-10-02 02:16:00
7437,146469,2025-10-06,7,4805,3,2692,coldboxsoprado,sopradora,Silica,3,1,peça,2,1,8,0,8,4,1,6.0,2025-10-02,2025-10-02,29/09/2025 07:45:24,14,14,2025-09-29 07:45:24.420000000,2025-09-29,coldboxsoprado_sopradora,True,2025-10-02 02:16:00,2025-10-02 02:22:00
7438,146469,2025-10-06,7,4805,4,2693,coldboxsoprado,sopradora,Silica,1,4,peça,4,1,8,0,32,8,1,11.0,2025-10-02,2025-10-02,29/09/2025 07:45:24,14,14,2025-09-29 07:45:24.420000000,2025-09-29,coldboxsoprado_sopradora,True,2025-10-02 02:22:00,2025-10-02 02:33:00
7444,146469,2025-10-06,7,4805,20,2629,coldboxsoprado,sopradora,Silica,2,2,peça,3,1,8,0,12,4,1,6.0,2025-10-02,2025-10-02,29/09/2025 07:45:24,14,14,2025-09-29 07:45:24.420000000,2025-09-29,coldboxsoprado_sopradora,True,2025-10-02 02:33:00,2025-10-02 02:39:00
7520,146815,2025-10-06,10,4835,1,2707,coldboxsoprado,sopradora,Silica,4,1,peça,4,2,40,0,40,10,1,14.0,2025-10-02,2025-10-02,29/09/2025 07:45:24,14,14,2025-09-29 07:45:24.420000000,2025-09-29,coldboxsoprado_sopradora,True,2025-10-02 02:39:00,2025-10-02 02:53:00
7521,146815,2025-10-06,10,4835,2,2708,coldboxsoprado,sopradora,Silica,3,1,peça,2,2,40,0,40,20,1,28.0,2025-10-02,2025-10-02,29/09/2025 07:45:24,14,14,2025-09-29 07:45:24.420000000,2025-09-29,coldboxsoprado_sopradora,True,2025-10-02 02:53:00,2025-10-02 03:21:00
7522,146815,2025-10-06,10,4835,3,2709,coldboxsoprado,sopradora,Silica,1,1,peça,2,1,40,0,40,20,1,28.0,2025-10-02,2025-10-02,29/09/2025 07:45:24,14,14,2025-09-29 07:45:24.420000000,2025-09-29,coldboxsoprado_sopradora,True,2025-10-02 03:21:00,2025-10-02 03:49:00
7536,146834,2025-10-06,11,4836,1,2715,coldboxsoprado,sopradora,Silica,4,1,peça,4,2,40,0,40,10,1,14.0,2025-10-02,2025-10-02,29/09/2025 07:45:24,14,14,2025-09-29 07:45:24.420000000,2025-09-29,coldboxsoprado_sopradora,True,2025-10-02 03:49:00,2025-10-02 04:03:00
7537,146834,2025-10-06,11,4836,2,2708,coldboxsoprado,sopradora,Silica,3,1,peça,2,2,40,0,40,20,1,28.0,2025-10-02,2025-10-02,29/09/2025 07:45:24,14,14,2025-09-29 07:45:24.420000000,2025-09-29,coldboxsoprado_sopradora,True,2025-10-02 04:03:00,2025-10-02 04:31:00
7538,146834,2025-10-06,11,4836,3,2709,coldboxsoprado,sopradora,Silica,1,1,peça,2,1,40,0,40,20,1,28.0,2025-10-02,2025-10-02,29/09/2025 07:45:24,14,14,2025-09-29 07:45:24.420000000,2025-09-29,coldboxsoprado_sopradora,True,2025-10-02 04:31:00,2025-10-02 04:59:00
7173,145800,2025-10-06,12,4621,20,2629,coldboxsoprado,sopradora,Silica,2,3,peça,3,1,4,0,12,4,1,6.0,2025-10-02,2025-10-02,29/09/2025 07:45:24,14,14,2025-09-29 07:45:24.420000000,2025-09-29,coldboxsoprado_sopradora,True,2025-10-02 04:59:00,2025-10-02 05:05:00
7598,147266,2025-10-06,12,4621,20,2629,coldboxsoprado,sopradora,Silica,2,3,peça,3,1,1,0,3,1,1,1.0,2025-10-02,2025-10-02,29/09/2025 07:45:24,14,14,2025-09-29 07:45:24.420000000,2025-09-29,coldboxsoprado_sopradora,True,2025-10-02 05:05:00,2025-10-02 05:06:00
7606,147267,2025-10-06,12,4621,20,2629,coldboxsoprado,sopradora,Silica,2,3,peça,3,1,1,0,3,1,1,1.0,2025-10-02,2025-10-02,29/09/2025 07:45:24,14,14,2025-09-29 07:45:24.420000000,2025-09-29,coldboxsoprado_sopradora,True,2025-10-02 05:06:00,2025-10-02 05:07:00
7547,146841,2025-10-06,13,4858,1,2735,coldboxsoprado,sopradora,Silica,1,1,peça,14,1,70,0,70,5,1,7.0,2025-10-02,2025-10-02,29/09/2025 07:45:24,14,14,2025-09-29 07:45:24.420000000,2025-09-29,coldboxsoprado_sopradora,True,2025-10-02 05:07:00,2025-10-02 05:14:00
7548,146841,2025-10-06,13,4858,2,2736,coldboxsoprado,sopradora,Silica,0,1,peça,9,1,70,0,70,8,1,11.0,2025-10-02,2025-10-02,29/09/2025 07:45:24,14,14,2025-09-29 07:45:24.420000000,2025-09-29,coldboxsoprado_sopradora,True,2025-10-02 05:14:00,2025-10-02 05:25:00
7553,146846,2025-10-06,14,4859,1,2735,coldboxsoprado,sopradora,Silica,1,1,peça,14,1,70,0,70,5,1,7.0,2025-10-02,2025-10-02,29/09/2025 07:45:24,14,14,2025-09-29 07:45:24.420000000,2025-09-29,coldboxsoprado_sopradora,True,2025-10-02 05:25:00,2025-10-02 05:32:00
7554,146846,2025-10-06,14,4859,2,2736,coldboxsoprado,sopradora,Silica,0,1,peça,9,1,70,0,70,8,1,11.0,2025-10-02,2025-10-02,29/09/2025 07:45:24,14,14,2025-09-29 07:45:24.420000000,2025-09-29,coldboxsoprado_sopradora,True,2025-10-02 05:32:00,2025-10-02 05:43:00
7280,146384,2025-10-07,2,4689,4,386,coldboxsoprado,sopradora,Silica,1,1,peça,4,1,8,0,8,2,1,3.0,2025-10-03,2025-10-03,29/09/2025 07:45:24,14,14,2025-09-29 07:45:24.420000000,2025-09-29,coldboxsoprado_sopradora,True,2025-10-03 00:00:00,2025-10-03 00:03:00
7281,146384,2025-10-07,2,4689,20,2629,coldboxsoprado,sopradora,Silica,2,1,peça,3,1,8,0,6,2,1,3.0,2025-10-03,2025-10-03,29/09/2025 07:45:24,14,14,2025-09-29 07:45:24.420000000,2025-09-29,coldboxsoprado_sopradora,True,2025-10-03 00:03:00,2025-10-03 00:06:00
7350,146422,2025-10-07,2,4690,4,385,coldboxsoprado,sopradora,Silica,1,1,peça,4,1,8,0,8,2,1,3.0,2025-10-03,2025-10-03,29/09/2025 07:45:24,14,14,2025-09-29 07:45:24.420000000,2025-09-29,coldboxsoprado_sopradora,True,2025-10-03 00:06:00,2025-10-03 00:09:00
7351,146422,2025-10-07,2,4690,20,2629,coldboxsoprado,sopradora,Silica,2,1,peça,3,1,8,0,6,2,1,3.0,2025-10-03,2025-10-03,29/09/2025 07:45:24,14,14,2025-09-29 07:45:24.420000000,2025-09-29,coldboxsoprado_sopradora,True,2025-10-03 00:09:00,2025-10-03 00:12:00
7447,146470,2025-10-07,3,4805,3,2692,coldboxsoprado,sopradora,Silica,3,1,peça,2,1,8,0,8,4,1,6.0,2025-10-03,2025-10-03,29/09/2025 07:45:24,14,14,2025-09-29 07:45:24.420000000,2025-09-29,coldboxsoprado_sopradora,True,2025-10-03 00:12:00,2025-10-03 00:18:00
7448,146470,2025-10-07,3,4805,4,2693,coldboxsoprado,sopradora,Silica,1,4,peça,4,1,8,0,32,8,1,11.0,2025-10-03,2025-10-03,29/09/2025 07:45:24,14,14,2025-09-29 07:45:24.420000000,2025-09-29,coldboxsoprado_sopradora,True,2025-10-03 00:18:00,2025-10-03 00:29:00
7454,146470,2025-10-07,3,4805,20,2629,coldboxsoprado,sopradora,Silica,2,2,peça,3,1,8,0,12,4,1,6.0,2025-10-03,2025-10-03,29/09/2025 07:45:24,14,14,2025-09-29 07:45:24.420000000,2025-09-29,coldboxsoprado_sopradora,True,2025-10-03 00:29:00,2025-10-03 00:35:00
7523,146816,2025-10-07,5,4835,1,2707,coldboxsoprado,sopradora,Silica,4,1,peça,4,2,40,0,40,10,1,14.0,2025-10-03,2025-10-03,29/09/2025 07:45:24,14,14,2025-09-29 07:45:24.420000000,2025-09-29,coldboxsoprado_sopradora,True,2025-10-03 00:35:00,2025-10-03 00:49:00
7524,146816,2025-10-07,5,4835,2,2708,coldboxsoprado,sopradora,Silica,3,1,peça,2,2,40,0,40,20,1,28.0,2025-10-03,2025-10-03,29/09/2025 07:45:24,14,14,2025-09-29 07:45:24.420000000,2025-09-29,coldboxsoprado_sopradora,True,2025-10-03 00:49:00,2025-10-03 01:17:00
7525,146816,2025-10-07,5,4835,3,2709,coldboxsoprado,sopradora,Silica,1,1,peça,2,1,40,0,40,20,1,28.0,2025-10-03,2025-10-03,29/09/2025 07:45:24,14,14,2025-09-29 07:45:24.420000000,2025-09-29,coldboxsoprado_sopradora,True,2025-10-03 01:17:00,2025-10-03 01:45:00
7539,146835,2025-10-07,6,4836,1,2715,coldboxsoprado,sopradora,Silica,4,1,peça,4,2,40,0,40,10,1,14.0,2025-10-03,2025-10-03,29/09/2025 07:45:24,14,14,2025-09-29 07:45:24.420000000,2025-09-29,coldboxsoprado_sopradora,True,2025-10-03 01:45:00,2025-10-03 01:59:00
7540,146835,2025-10-07,6,4836,2,2708,coldboxsoprado,sopradora,Silica,3,1,peça,2,2,40,0,40,20,1,28.0,2025-10-03,2025-10-03,29/09/2025 07:45:24,14,14,2025-09-29 07:45:24.420000000,2025-09-29,coldboxsoprado_sopradora,True,2025-10-03 01:59:00,2025-10-03 02:27:00
7541,146835,2025-10-07,6,4836,3,2709,coldboxsoprado,sopradora,Silica,1,1,peça,2,1,40,0,40,20,1,28.0,2025-10-03,2025-10-03,29/09/2025 07:45:24,14,14,2025-09-29 07:45:24.420000000,2025-09-29,coldboxsoprado_sopradora,True,2025-10-03 02:27:00,2025-10-03 02:55:00
7457,146471,2025-10-07,8,4805,3,2692,coldboxsoprado,sopradora,Silica,3,1,peça,2,1,8,0,8,4,1,6.0,2025-10-03,2025-10-03,29/09/2025 07:45:24,14,14,2025-09-29 07:45:24.420000000,2025-09-29,coldboxsoprado_sopradora,True,2025-10-03 02:55:00,2025-10-03 03:01:00
7458,146471,2025-10-07,8,4805,4,2693,coldboxsoprado,sopradora,Silica,1,4,peça,4,1,8,0,32,8,1,11.0,2025-10-03,2025-10-03,29/09/2025 07:45:24,14,14,2025-09-29 07:45:24.420000000,2025-09-29,coldboxsoprado_sopradora,True,2025-10-03 03:01:00,2025-10-03 03:12:00
7464,146471,2025-10-07,8,4805,20,2629,coldboxsoprado,sopradora,Silica,2,2,peça,3,1,8,0,12,4,1,6.0,2025-10-03,2025-10-03,29/09/2025 07:45:24,14,14,2025-09-29 07:45:24.420000000,2025-09-29,coldboxsoprado_sopradora,True,2025-10-03 03:12:00,2025-10-03 03:18:00
7285,146385,2025-10-07,9,4689,4,386,coldboxsoprado,sopradora,Silica,1,1,peça,4,1,8,0,8,2,1,3.0,2025-10-03,2025-10-03,29/09/2025 07:45:24,14,14,2025-09-29 07:45:24.420000000,2025-09-29,coldboxsoprado_sopradora,True,2025-10-03 03:18:00,2025-10-03 03:21:00
7286,146385,2025-10-07,9,4689,20,2629,coldboxsoprado,sopradora,Silica,2,1,peça,3,1,8,0,6,2,1,3.0,2025-10-03,2025-10-03,29/09/2025 07:45:24,14,14,2025-09-29 07:45:24.420000000,2025-09-29,coldboxsoprado_sopradora,True,2025-10-03 03:21:00,2025-10-03 03:24:00
7355,146423,2025-10-07,9,4690,4,385,coldboxsoprado,sopradora,Silica,1,1,peça,4,1,8,0,8,2,1,3.0,2025-10-03,2025-10-03,29/09/2025 07:45:24,14,14,2025-09-29 07:45:24.420000000,2025-09-29,coldboxsoprado_sopradora,True,2025-10-03 03:24:00,2025-10-03 03:27:00
7356,146423,2025-10-07,9,4690,20,2629,coldboxsoprado,sopradora,Silica,2,1,peça,3,1,8,0,6,2,1,3.0,2025-10-03,2025-10-03,29/09/2025 07:45:24,14,14,2025-09-29 07:45:24.420000000,2025-09-29,coldboxsoprado_sopradora,True,2025-10-03 03:27:00,2025-10-03 03:30:00
7549,146842,2025-10-07,10,4858,1,2735,coldboxsoprado,sopradora,Silica,1,1,peça,14,1,70,0,70,5,1,7.0,2025-10-03,2025-10-03,29/09/2025 07:45:24,14,14,2025-09-29 07:45:24.420000000,2025-09-29,coldboxsoprado_sopradora,True,2025-10-03 03:30:00,2025-10-03 03:37:00
7550,146842,2025-10-07,10,4858,2,2736,coldboxsoprado,sopradora,Silica,0,1,peça,9,1,70,0,70,8,1,11.0,2025-10-03,2025-10-03,29/09/2025 07:45:24,14,14,2025-09-29 07:45:24.420000000,2025-09-29,coldboxsoprado_sopradora,True,2025-10-03 03:37:00,2025-10-03 03:48:00
7555,146847,2025-10-07,11,4859,1,2735,coldboxsoprado,sopradora,Silica,1,1,peça,14,1,70,0,70,5,1,7.0,2025-10-03,2025-10-03,29/09/2025 07:45:24,14,14,2025-09-29 07:45:24.420000000,2025-09-29,coldboxsoprado_sopradora,True,2025-10-03 03:48:00,2025-10-03 03:55:00
7556,146847,2025-10-07,11,4859,2,2736,coldboxsoprado,sopradora,Silica,0,1,peça,9,1,70,0,70,8,1,11.0,2025-10-03,2025-10-03,29/09/2025 07:45:24,14,14,2025-09-29 07:45:24.420000000,2025-09-29,coldboxsoprado_sopradora,True,2025-10-03 03:55:00,2025-10-03 04:06:00
7240,146375,2025-10-01,5,4689,3,115,coldboxgasado,coldboxpequena,Silica,3,1,peça,1,1,8,5,3,3,3,8.0,2025-09-29,2025-09-29,29/09/2025 07:45:24,14,14,2025-09-29 07:45:24.420000000,2025-09-29,coldboxgasado_coldboxpequena,True,2025-09-29 00:00:00,2025-09-29 00:08:00
7223,146347,2025-10-01,8,2672,23,2907,coldboxgasado,coldboxpequena,Silica,10,1,Molde,2,1,238,0,17,9,3,21.0,2025-09-29,2025-09-29,29/09/2025 07:45:24,14,14,2025-09-29 07:45:24.420000000,2025-09-29,coldboxgasado_coldboxpequena,True,2025-09-29 00:08:00,2025-09-29 00:29:00
7507,146734,2025-10-01,17,151,1,76,coldboxgasado,coldboxpequena,Silica,1,1,peça,2,2,320,120,40,20,3,50.0,2025-09-29,2025-09-29,29/09/2025 07:45:24,14,14,2025-09-29 07:45:24.420000000,2025-09-29,coldboxgasado_coldboxpequena,True,2025-09-29 00:29:00,2025-09-29 01:19:00
7508,146734,2025-10-01,17,151,2,77,coldboxgasado,coldboxpequena,Silica,1,1,peça,2,2,320,120,40,20,3,50.0,2025-09-29,2025-09-29,29/09/2025 07:45:24,14,14,2025-09-29 07:45:24.420000000,2025-09-29,coldboxgasado_coldboxpequena,True,2025-09-29 01:19:00,2025-09-29 02:09:00
7246,146377,2025-10-02,1,4689,3,115,coldboxgasado,coldboxpequena,Silica,3,1,peça,1,1,8,0,8,8,3,20.0,2025-09-30,2025-09-30,29/09/2025 07:45:24,14,14,2025-09-29 07:45:24.420000000,2025-09-29,coldboxgasado_coldboxpequena,True,2025-09-30 00:00:00,2025-09-30 00:20:00
7316,146415,2025-10-02,1,4690,3,98,coldboxgasado,coldboxpequena,Silica,3,1,peça,1,1,8,0,8,8,3,20.0,2025-09-30,2025-09-30,29/09/2025 07:45:24,14,14,2025-09-29 07:45:24.420000000,2025-09-29,coldboxgasado_coldboxpequena,True,2025-09-30 00:20:00,2025-09-30 00:40:00
7250,146378,2025-10-02,5,4689,3,115,coldboxgasado,coldboxpequena,Silica,3,1,peça,1,1,8,0,8,8,3,20.0,2025-09-30,2025-09-30,29/09/2025 07:45:24,14,14,2025-09-29 07:45:24.420000000,2025-09-29,coldboxgasado_coldboxpequena,True,2025-09-30 00:40:00,2025-09-30 01:00:00
7320,146416,2025-10-02,5,4690,3,98,coldboxgasado,coldboxpequena,Silica,3,1,peça,1,1,8,0,8,8,3,20.0,2025-09-30,2025-09-30,29/09/2025 07:45:24,14,14,2025-09-29 07:45:24.420000000,2025-09-29,coldboxgasado_coldboxpequena,True,2025-09-30 01:00:00,2025-09-30 01:20:00
7224,146348,2025-10-02,6,2672,23,2907,coldboxgasado,coldboxpequena,Silica,10,1,Molde,2,1,238,0,17,9,3,21.0,2025-09-30,2025-09-30,29/09/2025 07:45:24,14,14,2025-09-29 07:45:24.420000000,2025-09-29,coldboxgasado_coldboxpequena,True,2025-09-30 01:20:00,2025-09-30 01:41:00
7254,146379,2025-10-02,12,4689,3,115,coldboxgasado,coldboxpequena,Silica,3,1,peça,1,1,8,0,8,8,3,20.0,2025-09-30,2025-09-30,29/09/2025 07:45:24,14,14,2025-09-29 07:45:24.420000000,2025-09-29,coldboxgasado_coldboxpequena,True,2025-09-30 01:41:00,2025-09-30 02:01:00
7324,146417,2025-10-02,12,4690,3,98,coldboxgasado,coldboxpequena,Silica,3,1,peça,1,1,8,0,8,8,3,20.0,2025-09-30,2025-09-30,29/09/2025 07:45:24,14,14,2025-09-29 07:45:24.420000000,2025-09-29,coldboxgasado_coldboxpequena,True,2025-09-30 02:01:00,2025-09-30 02:21:00
7511,146779,2025-10-02,17,4135,1,2301,coldboxgasado,coldboxpequena,Silica,6,1,peça,1,2,84,0,84,84,3,210.0,2025-09-30,2025-09-30,29/09/2025 07:45:24,14,14,2025-09-29 07:45:24.420000000,2025-09-29,coldboxgasado_coldboxpequena,True,2025-09-30 02:21:00,2025-09-30 05:51:00
7259,146380,2025-10-03,1,4689,3,115,coldboxgasado,coldboxpequena,Silica,3,1,peça,1,1,8,0,8,8,3,20.0,2025-10-01,2025-10-01,29/09/2025 07:45:24,14,14,2025-09-29 07:45:24.420000000,2025-09-29,coldboxgasado_coldboxpequena,True,2025-10-01 00:00:00,2025-10-01 00:20:00
7329,146418,2025-10-03,1,4690,3,98,coldboxgasado,coldboxpequena,Silica,3,1,peça,1,1,8,0,8,8,3,20.0,2025-10-01,2025-10-01,29/09/2025 07:45:24,14,14,2025-09-29 07:45:24.420000000,2025-09-29,coldboxgasado_coldboxpequena,True,2025-10-01 00:20:00,2025-10-01 00:40:00
7563,146879,2025-10-03,5,2419,1,1479,coldboxgasado,coldboxpequena,Silica,1,1,peça,2,1,56,0,28,14,3,35.0,2025-10-01,2025-10-01,29/09/2025 07:45:24,14,14,2025-09-29 07:45:24.420000000,2025-09-29,coldboxgasado_coldboxpequena,True,2025-10-01 00:40:00,2025-10-01 01:15:00
7264,146381,2025-10-03,8,4689,3,115,coldboxgasado,coldboxpequena,Silica,3,1,peça,1,1,8,0,8,8,3,20.0,2025-10-01,2025-10-01,29/09/2025 07:45:24,14,14,2025-09-29 07:45:24.420000000,2025-09-29,coldboxgasado_coldboxpequena,True,2025-10-01 01:15:00,2025-10-01 01:35:00
7334,146419,2025-10-03,8,4690,3,98,coldboxgasado,coldboxpequena,Silica,3,1,peça,1,1,8,0,8,8,3,20.0,2025-10-01,2025-10-01,29/09/2025 07:45:24,14,14,2025-09-29 07:45:24.420000000,2025-09-29,coldboxgasado_coldboxpequena,True,2025-10-01 01:35:00,2025-10-01 01:55:00
7225,146349,2025-10-03,12,2672,23,2907,coldboxgasado,coldboxpequena,Silica,10,1,Molde,2,1,238,0,17,9,3,21.0,2025-10-01,2025-10-01,29/09/2025 07:45:24,14,14,2025-09-29 07:45:24.420000000,2025-09-29,coldboxgasado_coldboxpequena,True,2025-10-01 01:55:00,2025-10-01 02:16:00
7571,146973,2025-10-03,17,4587,1,347,coldboxgasado,coldboxpequena,Silica areia nova,1,2,peça,1,2,18,0,36,36,3,90.0,2025-10-01,2025-10-01,29/09/2025 07:45:24,14,14,2025-09-29 07:45:24.420000000,2025-09-29,coldboxgasado_coldboxpequena,True,2025-10-01 02:16:00,2025-10-01 03:46:00
7572,146973,2025-10-03,17,4587,2,348,coldboxgasado,coldboxpequena,Silica areia nova,0,2,peça,4,2,18,0,36,9,3,23.0,2025-10-01,2025-10-01,29/09/2025 07:45:24,14,14,2025-09-29 07:45:24.420000000,2025-09-29,coldboxgasado_coldboxpequena,True,2025-10-01 03:46:00,2025-10-01 04:09:00
7269,146382,2025-10-06,1,4689,3,115,coldboxgasado,coldboxpequena,Silica,3,1,peça,1,1,8,0,8,8,3,20.0,2025-10-02,2025-10-02,29/09/2025 07:45:24,14,14,2025-09-29 07:45:24.420000000,2025-09-29,coldboxgasado_coldboxpequena,True,2025-10-02 00:00:00,2025-10-02 00:20:00
7339,146420,2025-10-06,1,4690,3,98,coldboxgasado,coldboxpequena,Silica,3,1,peça,1,1,8,0,8,8,3,20.0,2025-10-02,2025-10-02,29/09/2025 07:45:24,14,14,2025-09-29 07:45:24.420000000,2025-09-29,coldboxgasado_coldboxpequena,True,2025-10-02 00:20:00,2025-10-02 00:40:00
7274,146383,2025-10-06,5,4689,3,115,coldboxgasado,coldboxpequena,Silica,3,1,peça,1,1,8,0,8,8,3,20.0,2025-10-02,2025-10-02,29/09/2025 07:45:24,14,14,2025-09-29 07:45:24.420000000,2025-09-29,coldboxgasado_coldboxpequena,True,2025-10-02 00:40:00,2025-10-02 01:00:00
7344,146421,2025-10-06,5,4690,3,98,coldboxgasado,coldboxpequena,Silica,3,1,peça,1,1,8,0,8,8,3,20.0,2025-10-02,2025-10-02,29/09/2025 07:45:24,14,14,2025-09-29 07:45:24.420000000,2025-09-29,coldboxgasado_coldboxpequena,True,2025-10-02 01:00:00,2025-10-02 01:20:00
7226,146350,2025-10-06,8,2672,23,2907,coldboxgasado,coldboxpequena,Silica,10,1,Molde,2,1,238,0,17,9,3,21.0,2025-10-02,2025-10-02,29/09/2025 07:45:24,14,14,2025-09-29 07:45:24.420000000,2025-09-29,coldboxgasado_coldboxpequena,True,2025-10-02 01:20:00,2025-10-02 01:41:00
7279,146384,2025-10-07,2,4689,3,115,coldboxgasado,coldboxpequena,Silica,3,1,peça,1,1,8,0,8,8,3,20.0,2025-10-03,2025-10-03,29/09/2025 07:45:24,14,14,2025-09-29 07:45:24.420000000,2025-09-29,coldboxgasado_coldboxpequena,True,2025-10-03 00:00:00,2025-10-03 00:20:00
7349,146422,2025-10-07,2,4690,3,98,coldboxgasado,coldboxpequena,Silica,3,1,peça,1,1,8,0,8,8,3,20.0,2025-10-03,2025-10-03,29/09/2025 07:45:24,14,14,2025-09-29 07:45:24.420000000,2025-09-29,coldboxgasado_coldboxpequena,True,2025-10-03 00:20:00,2025-10-03 00:40:00
7284,146385,2025-10-07,9,4689,3,115,coldboxgasado,coldboxpequena,Silica,3,1,peça,1,1,8,0,8,8,3,20.0,2025-10-03,2025-10-03,29/09/2025 07:45:24,14,14,2025-09-29 07:45:24.420000000,2025-09-29,coldboxgasado_coldboxpequena,True,2025-10-03 00:40:00,2025-10-03 01:00:00
7354,146423,2025-10-07,9,4690,3,98,coldboxgasado,coldboxpequena,Silica,3,1,peça,1,1,8,0,8,8,3,20.0,2025-10-03,2025-10-03,29/09/2025 07:45:24,14,14,2025-09-29 07:45:24.420000000,2025-09-29,coldboxgasado_coldboxpequena,True,2025-10-03 01:00:00,2025-10-03 01:20:00
7495,146643,2025-10-07,13,4834,21,2905,coldboxgasado,coldboxpequena,Silica,5,1,Molde,2,1,273,0,13,7,3,16.0,2025-10-03,2025-10-03,29/09/2025 07:45:24,14,14,2025-09-29 07:45:24.420000000,2025-09-29,coldboxgasado_coldboxpequena,True,2025-10-03 01:20:00,2025-10-03 01:36:00
7588,147247,2025-10-07,13,4879,1,2776,coldboxgasado,coldboxpequena,Silica,\N,1,peça,3,1,128,0,128,43,3,107.0,2025-10-03,2025-10-03,29/09/2025 07:45:24,14,14,2025-09-29 07:45:24.420000000,2025-09-29,coldboxgasado_coldboxpequena,True,2025-10-03 01:36:00,2025-10-03 03:23:00
7589,147247,2025-10-07,13,4879,21,2905,coldboxgasado,coldboxpequena,Silica,5,1,Molde,2,1,128,0,8,4,3,10.0,2025-10-03,2025-10-03,29/09/2025 07:45:24,14,14,2025-09-29 07:45:24.420000000,2025-09-29,coldboxgasado_coldboxpequena,True,2025-10-03 03:23:00,2025-10-03 03:33:00
7607,147288,2025-10-07,14,2672,23,2907,coldboxgasado,coldboxpequena,Silica,10,1,Molde,2,1,238,0,17,9,3,21.0,2025-10-03,2025-10-03,29/09/2025 07:45:24,14,14,2025-09-29 07:45:24.420000000,2025-09-29,coldboxgasado_coldboxpequena,True,2025-10-03 03:33:00,2025-10-03 03:54:00
7568,146943,2025-10-07,15,1036,1,679,coldboxgasado,coldboxpequena,Silica areia nova,3,1,peça,1,1,6,0,6,6,3,15.0,2025-10-03,2025-10-03,29/09/2025 07:45:24,14,14,2025-09-29 07:45:24.420000000,2025-09-29,coldboxgasado_coldboxpequena,True,2025-10-03 03:54:00,2025-10-03 04:09:00
7236,146374,2025-10-01,1,4689,1,113,coldboxgasado,coldbox4,Silica,21,1,peça,1,1,8,0,8,8,3,20.0,2025-09-29,2025-09-29,29/09/2025 07:45:24,14,14,2025-09-29 07:45:24.420000000,2025-09-29,coldboxgasado_coldbox4,True,2025-09-29 00:00:00,2025-09-29 00:20:00
7307,146412,2025-10-01,1,4690,1,113,coldboxgasado,coldbox4,Silica,21,1,peça,1,1,8,0,8,8,3,20.0,2025-09-29,2025-09-29,29/09/2025 07:45:24,14,14,2025-09-29 07:45:24.420000000,2025-09-29,coldboxgasado_coldbox4,True,2025-09-29 00:20:00,2025-09-29 00:40:00
7233,146373,2025-09-30,4,4689,1,113,coldboxgasado,coldbox4,Silica,21,1,peça,1,1,8,0,8,8,3,20.0,2025-09-26,2025-09-29,29/09/2025 07:45:24,14,14,2025-09-29 07:45:24.420000000,2025-09-29,coldboxgasado_coldbox4,True,2025-09-29 00:40:00,2025-09-29 01:00:00
7304,146411,2025-09-30,4,4690,1,113,coldboxgasado,coldbox4,Silica,21,1,peça,1,1,8,0,8,8,3,20.0,2025-09-26,2025-09-29,29/09/2025 07:45:24,14,14,2025-09-29 07:45:24.420000000,2025-09-29,coldboxgasado_coldbox4,True,2025-09-29 01:00:00,2025-09-29 01:20:00
7239,146375,2025-10-01,5,4689,1,113,coldboxgasado,coldbox4,Silica,21,1,peça,1,1,8,0,8,8,3,20.0,2025-09-29,2025-09-29,29/09/2025 07:45:24,14,14,2025-09-29 07:45:24.420000000,2025-09-29,coldboxgasado_coldbox4,True,2025-09-29 01:20:00,2025-09-29 01:40:00
7310,146413,2025-10-01,5,4690,1,113,coldboxgasado,coldbox4,Silica,21,1,peça,1,1,8,0,8,8,3,20.0,2025-09-29,2025-09-29,29/09/2025 07:45:24,14,14,2025-09-29 07:45:24.420000000,2025-09-29,coldboxgasado_coldbox4,True,2025-09-29 01:40:00,2025-09-29 02:00:00
7566,146918,2025-09-30,15,4845,1,2879,coldboxgasado,coldbox4,Silica,8,1,peça,1,1,32,0,32,32,3,80.0,2025-09-26,2025-09-29,29/09/2025 07:45:24,14,14,2025-09-29 07:45:24.420000000,2025-09-29,coldboxgasado_coldbox4,True,2025-09-29 02:00:00,2025-09-29 03:20:00
7245,146377,2025-10-02,1,4689,1,113,coldboxgasado,coldbox4,Silica,21,1,peça,1,1,8,0,8,8,3,20.0,2025-09-30,2025-09-30,29/09/2025 07:45:24,14,14,2025-09-29 07:45:24.420000000,2025-09-29,coldboxgasado_coldbox4,True,2025-09-30 00:00:00,2025-09-30 00:20:00
7315,146415,2025-10-02,1,4690,1,113,coldboxgasado,coldbox4,Silica,21,1,peça,1,1,8,0,8,8,3,20.0,2025-09-30,2025-09-30,29/09/2025 07:45:24,14,14,2025-09-29 07:45:24.420000000,2025-09-29,coldboxgasado_coldbox4,True,2025-09-30 00:20:00,2025-09-30 00:40:00
7395,146465,2025-10-02,2,4805,1,2690,coldboxgasado,coldbox4,Silica,3,2,peça,1,1,8,0,16,16,3,40.0,2025-09-30,2025-09-30,29/09/2025 07:45:24,14,14,2025-09-29 07:45:24.420000000,2025-09-29,coldboxgasado_coldbox4,True,2025-09-30 00:40:00,2025-09-30 01:20:00
7396,146465,2025-10-02,2,4805,2,2691,coldboxgasado,coldbox4,Silica,3,2,peça,1,1,8,0,16,16,3,40.0,2025-09-30,2025-09-30,29/09/2025 07:45:24,14,14,2025-09-29 07:45:24.420000000,2025-09-29,coldboxgasado_coldbox4,True,2025-09-30 01:20:00,2025-09-30 02:00:00
7249,146378,2025-10-02,5,4689,1,113,coldboxgasado,coldbox4,Silica,21,1,peça,1,1,8,0,8,8,3,20.0,2025-09-30,2025-09-30,29/09/2025 07:45:24,14,14,2025-09-29 07:45:24.420000000,2025-09-29,coldboxgasado_coldbox4,True,2025-09-30 02:00:00,2025-09-30 02:20:00
7319,146416,2025-10-02,5,4690,1,113,coldboxgasado,coldbox4,Silica,21,1,peça,1,1,8,0,8,8,3,20.0,2025-09-30,2025-09-30,29/09/2025 07:45:24,14,14,2025-09-29 07:45:24.420000000,2025-09-29,coldboxgasado_coldbox4,True,2025-09-30 02:20:00,2025-09-30 02:40:00
7405,146466,2025-10-02,8,4805,1,2690,coldboxgasado,coldbox4,Silica,3,2,peça,1,1,8,0,16,16,3,40.0,2025-09-30,2025-09-30,29/09/2025 07:45:24,14,14,2025-09-29 07:45:24.420000000,2025-09-29,coldboxgasado_coldbox4,True,2025-09-30 02:40:00,2025-09-30 03:20:00
7406,146466,2025-10-02,8,4805,2,2691,coldboxgasado,coldbox4,Silica,3,2,peça,1,1,8,0,16,16,3,40.0,2025-09-30,2025-09-30,29/09/2025 07:45:24,14,14,2025-09-29 07:45:24.420000000,2025-09-29,coldboxgasado_coldbox4,True,2025-09-30 03:20:00,2025-09-30 04:00:00
7253,146379,2025-10-02,12,4689,1,113,coldboxgasado,coldbox4,Silica,21,1,peça,1,1,8,0,8,8,3,20.0,2025-09-30,2025-09-30,29/09/2025 07:45:24,14,14,2025-09-29 07:45:24.420000000,2025-09-29,coldboxgasado_coldbox4,True,2025-09-30 04:00:00,2025-09-30 04:20:00
7323,146417,2025-10-02,12,4690,1,113,coldboxgasado,coldbox4,Silica,21,1,peça,1,1,8,0,8,8,3,20.0,2025-09-30,2025-09-30,29/09/2025 07:45:24,14,14,2025-09-29 07:45:24.420000000,2025-09-29,coldboxgasado_coldbox4,True,2025-09-30 04:20:00,2025-09-30 04:40:00
7415,146467,2025-10-02,15,4805,1,2690,coldboxgasado,coldbox4,Silica,3,2,peça,1,1,8,0,16,16,3,40.0,2025-09-30,2025-09-30,29/09/2025 07:45:24,14,14,2025-09-29 07:45:24.420000000,2025-09-29,coldboxgasado_coldbox4,True,2025-09-30 04:40:00,2025-09-30 05:20:00
7416,146467,2025-10-02,15,4805,2,2691,coldboxgasado,coldbox4,Silica,3,2,peça,1,1,8,0,16,16,3,40.0,2025-09-30,2025-09-30,29/09/2025 07:45:24,14,14,2025-09-29 07:45:24.420000000,2025-09-29,coldboxgasado_coldbox4,True,2025-09-30 05:20:00,2025-09-30 06:00:00
7257,146380,2025-10-03,1,4689,1,113,coldboxgasado,coldbox4,Silica,21,1,peça,1,1,8,0,8,8,3,20.0,2025-10-01,2025-10-01,29/09/2025 07:45:24,14,14,2025-09-29 07:45:24.420000000,2025-09-29,coldboxgasado_coldbox4,True,2025-10-01 00:00:00,2025-10-01 00:20:00
7327,146418,2025-10-03,1,4690,1,113,coldboxgasado,coldbox4,Silica,21,1,peça,1,1,8,0,8,8,3,20.0,2025-10-01,2025-10-01,29/09/2025 07:45:24,14,14,2025-09-29 07:45:24.420000000,2025-09-29,coldboxgasado_coldbox4,True,2025-10-01 00:20:00,2025-10-01 00:40:00
7262,146381,2025-10-03,8,4689,1,113,coldboxgasado,coldbox4,Silica,21,1,peça,1,1,8,0,8,8,3,20.0,2025-10-01,2025-10-01,29/09/2025 07:45:24,14,14,2025-09-29 07:45:24.420000000,2025-09-29,coldboxgasado_coldbox4,True,2025-10-01 00:40:00,2025-10-01 01:00:00
7332,146419,2025-10-03,8,4690,1,113,coldboxgasado,coldbox4,Silica,21,1,peça,1,1,8,0,8,8,3,20.0,2025-10-01,2025-10-01,29/09/2025 07:45:24,14,14,2025-09-29 07:45:24.420000000,2025-09-29,coldboxgasado_coldbox4,True,2025-10-01 01:00:00,2025-10-01 01:20:00
7267,146382,2025-10-06,1,4689,1,113,coldboxgasado,coldbox4,Silica,21,1,peça,1,1,8,0,8,8,3,20.0,2025-10-02,2025-10-02,29/09/2025 07:45:24,14,14,2025-09-29 07:45:24.420000000,2025-09-29,coldboxgasado_coldbox4,True,2025-10-02 00:00:00,2025-10-02 00:20:00
7337,146420,2025-10-06,1,4690,1,113,coldboxgasado,coldbox4,Silica,21,1,peça,1,1,8,0,8,8,3,20.0,2025-10-02,2025-10-02,29/09/2025 07:45:24,14,14,2025-09-29 07:45:24.420000000,2025-09-29,coldboxgasado_coldbox4,True,2025-10-02 00:20:00,2025-10-02 00:40:00
7425,146468,2025-10-06,2,4805,1,2690,coldboxgasado,coldbox4,Silica,3,2,peça,1,1,8,0,16,16,3,40.0,2025-10-02,2025-10-02,29/09/2025 07:45:24,14,14,2025-09-29 07:45:24.420000000,2025-09-29,coldboxgasado_coldbox4,True,2025-10-02 00:40:00,2025-10-02 01:20:00
7426,146468,2025-10-06,2,4805,2,2691,coldboxgasado,coldbox4,Silica,3,2,peça,1,1,8,0,16,16,3,40.0,2025-10-02,2025-10-02,29/09/2025 07:45:24,14,14,2025-09-29 07:45:24.420000000,2025-09-29,coldboxgasado_coldbox4,True,2025-10-02 01:20:00,2025-10-02 02:00:00
7272,146383,2025-10-06,5,4689,1,113,coldboxgasado,coldbox4,Silica,21,1,peça,1,1,8,0,8,8,3,20.0,2025-10-02,2025-10-02,29/09/2025 07:45:24,14,14,2025-09-29 07:45:24.420000000,2025-09-29,coldboxgasado_coldbox4,True,2025-10-02 02:00:00,2025-10-02 02:20:00
7342,146421,2025-10-06,5,4690,1,113,coldboxgasado,coldbox4,Silica,21,1,peça,1,1,8,0,8,8,3,20.0,2025-10-02,2025-10-02,29/09/2025 07:45:24,14,14,2025-09-29 07:45:24.420000000,2025-09-29,coldboxgasado_coldbox4,True,2025-10-02 02:20:00,2025-10-02 02:40:00
7435,146469,2025-10-06,7,4805,1,2690,coldboxgasado,coldbox4,Silica,3,2,peça,1,1,8,0,16,16,3,40.0,2025-10-02,2025-10-02,29/09/2025 07:45:24,14,14,2025-09-29 07:45:24.420000000,2025-09-29,coldboxgasado_coldbox4,True,2025-10-02 02:40:00,2025-10-02 03:20:00
7436,146469,2025-10-06,7,4805,2,2691,coldboxgasado,coldbox4,Silica,3,2,peça,1,1,8,0,16,16,3,40.0,2025-10-02,2025-10-02,29/09/2025 07:45:24,14,14,2025-09-29 07:45:24.420000000,2025-09-29,coldboxgasado_coldbox4,True,2025-10-02 03:20:00,2025-10-02 04:00:00
7277,146384,2025-10-07,2,4689,1,113,coldboxgasado,coldbox4,Silica,21,1,peça,1,1,8,0,8,8,3,20.0,2025-10-03,2025-10-03,29/09/2025 07:45:24,14,14,2025-09-29 07:45:24.420000000,2025-09-29,coldboxgasado_coldbox4,True,2025-10-03 00:00:00,2025-10-03 00:20:00
7347,146422,2025-10-07,2,4690,1,113,coldboxgasado,coldbox4,Silica,21,1,peça,1,1,8,0,8,8,3,20.0,2025-10-03,2025-10-03,29/09/2025 07:45:24,14,14,2025-09-29 07:45:24.420000000,2025-09-29,coldboxgasado_coldbox4,True,2025-10-03 00:20:00,2025-10-03 00:40:00
7445,146470,2025-10-07,3,4805,1,2690,coldboxgasado,coldbox4,Silica,3,2,peça,1,1,8,0,16,16,3,40.0,2025-10-03,2025-10-03,29/09/2025 07:45:24,14,14,2025-09-29 07:45:24.420000000,2025-09-29,coldboxgasado_coldbox4,True,2025-10-03 00:40:00,2025-10-03 01:20:00
7446,146470,2025-10-07,3,4805,2,2691,coldboxgasado,coldbox4,Silica,3,2,peça,1,1,8,0,16,16,3,40.0,2025-10-03,2025-10-03,29/09/2025 07:45:24,14,14,2025-09-29 07:45:24.420000000,2025-09-29,coldboxgasado_coldbox4,True,2025-10-03 01:20:00,2025-10-03 02:00:00
7455,146471,2025-10-07,8,4805,1,2690,coldboxgasado,coldbox4,Silica,3,2,peça,1,1,8,0,16,16,3,40.0,2025-10-03,2025-10-03,29/09/2025 07:45:24,14,14,2025-09-29 07:45:24.420000000,2025-09-29,coldboxgasado_coldbox4,True,2025-10-03 02:00:00,2025-10-03 02:40:00
7456,146471,2025-10-07,8,4805,2,2691,coldboxgasado,coldbox4,Silica,3,2,peça,1,1,8,0,16,16,3,40.0,2025-10-03,2025-10-03,29/09/2025 07:45:24,14,14,2025-09-29 07:45:24.420000000,2025-09-29,coldboxgasado_coldbox4,True,2025-10-03 02:40:00,2025-10-03 03:20:00
7282,146385,2025-10-07,9,4689,1,113,coldboxgasado,coldbox4,Silica,21,1,peça,1,1,8,0,8,8,3,20.0,2025-10-03,2025-10-03,29/09/2025 07:45:24,14,14,2025-09-29 07:45:24.420000000,2025-09-29,coldboxgasado_coldbox4,True,2025-10-03 03:20:00,2025-10-03 03:40:00
7352,146423,2025-10-07,9,4690,1,113,coldboxgasado,coldbox4,Silica,21,1,peça,1,1,8,0,8,8,3,20.0,2025-10-03,2025-10-03,29/09/2025 07:45:24,14,14,2025-09-29 07:45:24.420000000,2025-09-29,coldboxgasado_coldbox4,True,2025-10-03 03:40:00,2025-10-03 04:00:00
