id,_kf_producao,dataFusao,ordenacao,_kf_FichaTecnica,caixa,_kf_macho,processo,recurso,areia,peso,qtd_machos,qtd_machos_por,figuras,qtd_replicas,qtd_op,qtd_realizada,qtd_pendente,qtd_moldes,tempo_ciclo,tempo_total,not_before_date,deadline,dataHoraProcess,_kf_statusIntegration,StatusIntegrationId,status_create_date,dt
30520,146345,2025-11-14,10,2671,23,2907,Cold Box Gasado,Cold Box Pequena,Silica,10,1,Molde,2,1,238,15,2,1,3,3,2025-11-10,2025-11-12,09/11/2025 23:02:02,67,67,2025-11-09 23:02:03.000000000,2025-11-09
30521,146558,2025-11-18,14,4758,1,2667,Pep Set,Carrossel,Silica,24,1,peça,1,1,14,0,14,14,1,18,2025-11-12,2025-11-14,09/11/2025 23:02:02,67,67,2025-11-09 23:02:03.000000000,2025-11-09
30522,146558,2025-11-18,14,4758,2,2668,Pep Set,Carrossel,Silica,32,1,peça,1,1,14,0,14,14,1,18,2025-11-12,2025-11-14,09/11/2025 23:02:02,67,67,2025-11-09 23:02:03.000000000,2025-11-09
30523,146558,2025-11-18,14,4758,3,2669,Pep Set,Carrossel,Silica,23,1,peça,1,1,14,0,14,14,1,18,2025-11-12,2025-11-14,09/11/2025 23:02:02,67,67,2025-11-09 23:02:03.000000000,2025-11-09
30524,146558,2025-11-18,14,4758,4,2670,Pep Set,Carrossel,Silica,11,1,peça,1,1,14,0,14,14,1,18,2025-11-12,2025-11-14,09/11/2025 23:02:02,67,67,2025-11-09 23:02:03.000000000,2025-11-09
30525,146558,2025-11-18,14,4758,5,2671,Pep Set,Carrossel,Silica,10,1,peça,1,1,14,0,14,14,1,18,2025-11-12,2025-11-14,09/11/2025 23:02:02,67,67,2025-11-09 23:02:03.000000000,2025-11-09
30526,146558,2025-11-18,14,4758,6,2672,Pep Set,Carrossel,Silica,10,1,peça,1,1,14,0,14,14,1,18,2025-11-12,2025-11-14,09/11/2025 23:02:02,67,67,2025-11-09 23:02:03.000000000,2025-11-09
30527,146558,2025-11-18,14,4758,7,2673,Pep Set,Carrossel,Silica,4,1,peça,1,1,14,0,14,14,1,18,2025-11-12,2025-11-14,09/11/2025 23:02:02,67,67,2025-11-09 23:02:03.000000000,2025-11-09
30528,146558,2025-11-18,14,4758,20,2629,Cold Box Soprado,Sopradora,Silica,2,2,peça,3,1,14,0,21,7,1,10,2025-11-12,2025-11-14,09/11/2025 23:02:02,67,67,2025-11-09 23:02:03.000000000,2025-11-09
30529,146610,2025-11-13,13,5155,1,2971,Pep Set,Carrossel,Silica,23,1,Molde,1,1,216,0,12,12,1,15,2025-11-07,2025-11-11,09/11/2025 23:02:02,67,67,2025-11-09 23:02:03.000000000,2025-11-09
30530,146611,2025-11-17,15,5155,1,2971,Pep Set,Carrossel,Silica,23,1,Molde,1,1,216,0,12,12,1,15,2025-11-11,2025-11-13,09/11/2025 23:02:02,67,67,2025-11-09 23:02:03.000000000,2025-11-09
30531,146776,2025-11-12,9,4396,1,2302,Cold Box Soprado,Sopradora,Silica,11,1,peça,1,1,48,0,48,48,1,68,2025-11-06,2025-11-10,09/11/2025 23:02:02,67,67,2025-11-09 23:02:03.000000000,2025-11-09
30532,146777,2025-11-14,15,4396,1,2302,Cold Box Soprado,Sopradora,Silica,11,1,peça,1,1,48,0,48,48,1,68,2025-11-10,2025-11-12,09/11/2025 23:02:02,67,67,2025-11-09 23:02:03.000000000,2025-11-09
30533,146778,2025-11-17,11,4396,1,2302,Cold Box Soprado,Sopradora,Silica,11,1,peça,1,1,48,0,48,48,1,68,2025-11-11,2025-11-13,09/11/2025 23:02:02,67,67,2025-11-09 23:02:03.000000000,2025-11-09
30534,146784,2025-11-17,4,4135,1,2301,Cold Box Gasado,Cold Box Pequena,Silica,6,1,peça,1,2,84,48,36,36,3,90,2025-11-11,2025-11-13,09/11/2025 23:02:02,67,67,2025-11-09 23:02:03.000000000,2025-11-09
30535,146784,2025-11-17,4,4135,30,2926,Pep Set,Carrossel,Silica,\N,1,Lote,1,1,84,0,1,1,1,1,2025-11-11,2025-11-13,09/11/2025 23:02:02,67,67,2025-11-09 23:02:03.000000000,2025-11-09
30536,146791,2025-11-13,8,4748,1,2647,Pep Set,Carrossel,Silica,14,1,peça,1,1,36,2,34,34,1,43,2025-11-07,2025-11-11,09/11/2025 23:02:02,67,67,2025-11-09 23:02:03.000000000,2025-11-09
30537,146856,2025-11-17,8,3333,1,1843,Cold Box Gasado,Cold Box Pequena,Silica,0,1,peça,2,2,130,0,130,65,3,163,2025-11-11,2025-11-13,09/11/2025 23:02:02,67,67,2025-11-09 23:02:03.000000000,2025-11-09
30538,146923,2025-11-14,11,2671,23,2907,Cold Box Gasado,Cold Box Pequena,Silica,10,1,Molde,2,1,238,0,17,9,3,21,2025-11-10,2025-11-12,09/11/2025 23:02:02,67,67,2025-11-09 23:02:03.000000000,2025-11-09
30539,146962,2025-11-07,8,4292,30,2926,Pep Set,Carrossel,Silica,\N,1,Lote,1,1,72,0,1,1,1,1,2025-11-03,2025-11-05,09/11/2025 23:02:02,67,67,2025-11-09 23:02:03.000000000,2025-11-09
30540,146963,2025-11-10,11,4292,30,2926,Pep Set,Carrossel,Silica,\N,1,Lote,1,1,72,0,1,1,1,1,2025-11-04,2025-11-06,09/11/2025 23:02:02,67,67,2025-11-09 23:02:03.000000000,2025-11-09
30541,146964,2025-11-11,13,4292,30,2926,Pep Set,Carrossel,Silica,\N,1,Lote,1,1,72,0,1,1,1,1,2025-11-05,2025-11-07,09/11/2025 23:02:02,67,67,2025-11-09 23:02:03.000000000,2025-11-09
30542,146965,2025-11-12,12,4292,30,2926,Pep Set,Carrossel,Silica,\N,1,Lote,1,1,72,0,1,1,1,1,2025-11-06,2025-11-10,09/11/2025 23:02:02,67,67,2025-11-09 23:02:03.000000000,2025-11-09
30543,146966,2025-11-13,11,4292,1,1755,Cold Box Soprado,Sopradora,Silica,12,1,peça,1,1,72,0,72,72,1,102,2025-11-07,2025-11-11,09/11/2025 23:02:02,67,67,2025-11-09 23:02:03.000000000,2025-11-09
30544,146966,2025-11-13,11,4292,30,2926,Pep Set,Carrossel,Silica,\N,1,Lote,1,1,72,0,1,1,1,1,2025-11-07,2025-11-11,09/11/2025 23:02:02,67,67,2025-11-09 23:02:03.000000000,2025-11-09
30545,146967,2025-11-14,16,4292,1,1755,Cold Box Soprado,Sopradora,Silica,12,1,peça,1,1,72,0,72,72,1,102,2025-11-10,2025-11-12,09/11/2025 23:02:02,67,67,2025-11-09 23:02:03.000000000,2025-11-09
30546,146967,2025-11-14,16,4292,30,2926,Pep Set,Carrossel,Silica,\N,1,Lote,1,1,72,0,1,1,1,1,2025-11-10,2025-11-12,09/11/2025 23:02:02,67,67,2025-11-09 23:02:03.000000000,2025-11-09
30547,146968,2025-11-17,14,4292,1,1755,Cold Box Soprado,Sopradora,Silica,12,1,peça,1,1,72,0,72,72,1,102,2025-11-11,2025-11-13,09/11/2025 23:02:02,67,67,2025-11-09 23:02:03.000000000,2025-11-09
30548,146968,2025-11-17,14,4292,30,2926,Pep Set,Carrossel,Silica,\N,1,Lote,1,1,72,0,1,1,1,1,2025-11-11,2025-11-13,09/11/2025 23:02:02,67,67,2025-11-09 23:02:03.000000000,2025-11-09
30549,146969,2025-11-18,15,4292,1,1755,Cold Box Soprado,Sopradora,Silica,12,1,peça,1,1,72,0,72,72,1,102,2025-11-12,2025-11-14,09/11/2025 23:02:02,67,67,2025-11-09 23:02:03.000000000,2025-11-09
30550,146969,2025-11-18,15,4292,30,2926,Pep Set,Carrossel,Silica,\N,1,Lote,1,1,72,0,1,1,1,1,2025-11-12,2025-11-14,09/11/2025 23:02:02,67,67,2025-11-09 23:02:03.000000000,2025-11-09
30551,146995,2025-11-12,5,4689,1,113,Pep Set,Chão,Silica,\N,1,peça,1,2,8,0,8,8,15,120,2025-11-06,2025-11-10,09/11/2025 23:02:02,67,67,2025-11-09 23:02:03.000000000,2025-11-09
30552,146995,2025-11-12,5,4689,2,114,Cold Box Soprado,Sopradora,Silica,3,1,peça,2,1,8,0,8,4,1,6,2025-11-06,2025-11-10,09/11/2025 23:02:02,67,67,2025-11-09 23:02:03.000000000,2025-11-09
30553,146995,2025-11-12,5,4689,3,115,Cold Box Gasado,Cold Box Pequena,Silica,3,1,peça,1,1,8,0,8,8,3,20,2025-11-06,2025-11-10,09/11/2025 23:02:02,67,67,2025-11-09 23:02:03.000000000,2025-11-09
30554,146995,2025-11-12,5,4689,20,2629,Cold Box Soprado,Sopradora,Silica,2,1,peça,3,1,8,0,6,2,1,3,2025-11-06,2025-11-10,09/11/2025 23:02:02,67,67,2025-11-09 23:02:03.000000000,2025-11-09
30555,146996,2025-11-13,3,4689,1,113,Pep Set,Chão,Silica,\N,1,peça,1,2,8,0,8,8,15,120,2025-11-07,2025-11-11,09/11/2025 23:02:02,67,67,2025-11-09 23:02:03.000000000,2025-11-09
30556,146996,2025-11-13,3,4689,2,114,Cold Box Soprado,Sopradora,Silica,3,1,peça,2,1,8,0,8,4,1,6,2025-11-07,2025-11-11,09/11/2025 23:02:02,67,67,2025-11-09 23:02:03.000000000,2025-11-09
30557,146996,2025-11-13,3,4689,3,115,Cold Box Gasado,Cold Box Pequena,Silica,3,1,peça,1,1,8,0,8,8,3,20,2025-11-07,2025-11-11,09/11/2025 23:02:02,67,67,2025-11-09 23:02:03.000000000,2025-11-09
30558,146996,2025-11-13,3,4689,20,2629,Cold Box Soprado,Sopradora,Silica,2,1,peça,3,1,8,0,6,2,1,3,2025-11-07,2025-11-11,09/11/2025 23:02:02,67,67,2025-11-09 23:02:03.000000000,2025-11-09
30559,146997,2025-11-14,5,4689,1,113,Pep Set,Chão,Silica,\N,1,peça,1,2,8,0,8,8,15,120,2025-11-10,2025-11-12,09/11/2025 23:02:02,67,67,2025-11-09 23:02:03.000000000,2025-11-09
30560,146997,2025-11-14,5,4689,2,114,Cold Box Soprado,Sopradora,Silica,3,1,peça,2,1,8,0,8,4,1,6,2025-11-10,2025-11-12,09/11/2025 23:02:02,67,67,2025-11-09 23:02:03.000000000,2025-11-09
30561,146997,2025-11-14,5,4689,3,115,Cold Box Gasado,Cold Box Pequena,Silica,3,1,peça,1,1,8,0,8,8,3,20,2025-11-10,2025-11-12,09/11/2025 23:02:02,67,67,2025-11-09 23:02:03.000000000,2025-11-09
30562,146997,2025-11-14,5,4689,20,2629,Cold Box Soprado,Sopradora,Silica,2,1,peça,3,1,8,0,6,2,1,3,2025-11-10,2025-11-12,09/11/2025 23:02:02,67,67,2025-11-09 23:02:03.000000000,2025-11-09
30563,146998,2025-11-17,1,4689,1,113,Pep Set,Chão,Silica,\N,1,peça,1,2,8,0,8,8,15,120,2025-11-11,2025-11-13,09/11/2025 23:02:02,67,67,2025-11-09 23:02:03.000000000,2025-11-09
30564,146998,2025-11-17,1,4689,2,114,Cold Box Soprado,Sopradora,Silica,3,1,peça,2,1,8,0,8,4,1,6,2025-11-11,2025-11-13,09/11/2025 23:02:02,67,67,2025-11-09 23:02:03.000000000,2025-11-09
30565,146998,2025-11-17,1,4689,3,115,Cold Box Gasado,Cold Box Pequena,Silica,3,1,peça,1,1,8,0,8,8,3,20,2025-11-11,2025-11-13,09/11/2025 23:02:02,67,67,2025-11-09 23:02:03.000000000,2025-11-09
30566,146998,2025-11-17,1,4689,20,2629,Cold Box Soprado,Sopradora,Silica,2,1,peça,3,1,8,0,6,2,1,3,2025-11-11,2025-11-13,09/11/2025 23:02:02,67,67,2025-11-09 23:02:03.000000000,2025-11-09
30567,146999,2025-11-17,12,4689,1,113,Pep Set,Chão,Silica,\N,1,peça,1,2,8,0,8,8,15,120,2025-11-11,2025-11-13,09/11/2025 23:02:02,67,67,2025-11-09 23:02:03.000000000,2025-11-09
30568,146999,2025-11-17,12,4689,2,114,Cold Box Soprado,Sopradora,Silica,3,1,peça,2,1,8,0,8,4,1,6,2025-11-11,2025-11-13,09/11/2025 23:02:02,67,67,2025-11-09 23:02:03.000000000,2025-11-09
30569,146999,2025-11-17,12,4689,3,115,Cold Box Gasado,Cold Box Pequena,Silica,3,1,peça,1,1,8,0,8,8,3,20,2025-11-11,2025-11-13,09/11/2025 23:02:02,67,67,2025-11-09 23:02:03.000000000,2025-11-09
30570,146999,2025-11-17,12,4689,20,2629,Cold Box Soprado,Sopradora,Silica,2,1,peça,3,1,8,0,6,2,1,3,2025-11-11,2025-11-13,09/11/2025 23:02:02,67,67,2025-11-09 23:02:03.000000000,2025-11-09
30571,147000,2025-11-18,1,4689,1,113,Pep Set,Chão,Silica,\N,1,peça,1,2,8,0,8,8,15,120,2025-11-12,2025-11-14,09/11/2025 23:02:02,67,67,2025-11-09 23:02:03.000000000,2025-11-09
30572,147000,2025-11-18,1,4689,2,114,Cold Box Soprado,Sopradora,Silica,3,1,peça,2,1,8,0,8,4,1,6,2025-11-12,2025-11-14,09/11/2025 23:02:02,67,67,2025-11-09 23:02:03.000000000,2025-11-09
30573,147000,2025-11-18,1,4689,3,115,Cold Box Gasado,Cold Box Pequena,Silica,3,1,peça,1,1,8,0,8,8,3,20,2025-11-12,2025-11-14,09/11/2025 23:02:02,67,67,2025-11-09 23:02:03.000000000,2025-11-09
30574,147000,2025-11-18,1,4689,20,2629,Cold Box Soprado,Sopradora,Silica,2,1,peça,3,1,8,0,6,2,1,3,2025-11-12,2025-11-14,09/11/2025 23:02:02,67,67,2025-11-09 23:02:03.000000000,2025-11-09
30575,147001,2025-11-18,12,4689,1,113,Pep Set,Chão,Silica,\N,1,peça,1,2,8,0,8,8,15,120,2025-11-12,2025-11-14,09/11/2025 23:02:02,67,67,2025-11-09 23:02:03.000000000,2025-11-09
30576,147001,2025-11-18,12,4689,2,114,Cold Box Soprado,Sopradora,Silica,3,1,peça,2,1,8,0,8,4,1,6,2025-11-12,2025-11-14,09/11/2025 23:02:02,67,67,2025-11-09 23:02:03.000000000,2025-11-09
30577,147001,2025-11-18,12,4689,3,115,Cold Box Gasado,Cold Box Pequena,Silica,3,1,peça,1,1,8,0,8,8,3,20,2025-11-12,2025-11-14,09/11/2025 23:02:02,67,67,2025-11-09 23:02:03.000000000,2025-11-09
30578,147001,2025-11-18,12,4689,20,2629,Cold Box Soprado,Sopradora,Silica,2,1,peça,3,1,8,0,6,2,1,3,2025-11-12,2025-11-14,09/11/2025 23:02:02,67,67,2025-11-09 23:02:03.000000000,2025-11-09
30579,147041,2025-11-12,5,4690,1,113,Pep Set,Chão,Silica,\N,1,peça,1,2,8,5,3,3,15,45,2025-11-06,2025-11-10,09/11/2025 23:02:02,67,67,2025-11-09 23:02:03.000000000,2025-11-09
30580,147041,2025-11-12,5,4690,2,114,Cold Box Soprado,Sopradora,Silica,3,1,peça,2,1,8,0,8,4,1,6,2025-11-06,2025-11-10,09/11/2025 23:02:02,67,67,2025-11-09 23:02:03.000000000,2025-11-09
30581,147041,2025-11-12,5,4690,3,98,Cold Box Gasado,Cold Box Pequena,Silica,3,1,peça,1,1,8,0,8,8,3,20,2025-11-06,2025-11-10,09/11/2025 23:02:02,67,67,2025-11-09 23:02:03.000000000,2025-11-09
30582,147041,2025-11-12,5,4690,4,385,Cold Box Soprado,Sopradora,Silica,1,1,peça,4,1,8,0,8,2,1,3,2025-11-06,2025-11-10,09/11/2025 23:02:02,67,67,2025-11-09 23:02:03.000000000,2025-11-09
30583,147041,2025-11-12,5,4690,20,2629,Cold Box Soprado,Sopradora,Silica,2,1,peça,3,1,8,0,6,2,1,3,2025-11-06,2025-11-10,09/11/2025 23:02:02,67,67,2025-11-09 23:02:03.000000000,2025-11-09
30584,147042,2025-11-13,3,4690,1,113,Pep Set,Chão,Silica,\N,1,peça,1,2,8,0,8,8,15,120,2025-11-07,2025-11-11,09/11/2025 23:02:02,67,67,2025-11-09 23:02:03.000000000,2025-11-09
30585,147042,2025-11-13,3,4690,2,114,Cold Box Soprado,Sopradora,Silica,3,1,peça,2,1,8,0,8,4,1,6,2025-11-07,2025-11-11,09/11/2025 23:02:02,67,67,2025-11-09 23:02:03.000000000,2025-11-09
30586,147042,2025-11-13,3,4690,3,98,Cold Box Gasado,Cold Box Pequena,Silica,3,1,peça,1,1,8,0,8,8,3,20,2025-11-07,2025-11-11,09/11/2025 23:02:02,67,67,2025-11-09 23:02:03.000000000,2025-11-09
30587,147042,2025-11-13,3,4690,4,385,Cold Box Soprado,Sopradora,Silica,1,1,peça,4,1,8,0,8,2,1,3,2025-11-07,2025-11-11,09/11/2025 23:02:02,67,67,2025-11-09 23:02:03.000000000,2025-11-09
30588,147042,2025-11-13,3,4690,20,2629,Cold Box Soprado,Sopradora,Silica,2,1,peça,3,1,8,0,6,2,1,3,2025-11-07,2025-11-11,09/11/2025 23:02:02,67,67,2025-11-09 23:02:03.000000000,2025-11-09
30589,147043,2025-11-14,5,4690,1,113,Pep Set,Chão,Silica,\N,1,peça,1,2,8,0,8,8,15,120,2025-11-10,2025-11-12,09/11/2025 23:02:02,67,67,2025-11-09 23:02:03.000000000,2025-11-09
30590,147043,2025-11-14,5,4690,2,114,Cold Box Soprado,Sopradora,Silica,3,1,peça,2,1,8,0,8,4,1,6,2025-11-10,2025-11-12,09/11/2025 23:02:02,67,67,2025-11-09 23:02:03.000000000,2025-11-09
30591,147043,2025-11-14,5,4690,3,98,Cold Box Gasado,Cold Box Pequena,Silica,3,1,peça,1,1,8,0,8,8,3,20,2025-11-10,2025-11-12,09/11/2025 23:02:02,67,67,2025-11-09 23:02:03.000000000,2025-11-09
30592,147043,2025-11-14,5,4690,4,385,Cold Box Soprado,Sopradora,Silica,1,1,peça,4,1,8,0,8,2,1,3,2025-11-10,2025-11-12,09/11/2025 23:02:02,67,67,2025-11-09 23:02:03.000000000,2025-11-09
30593,147043,2025-11-14,5,4690,20,2629,Cold Box Soprado,Sopradora,Silica,2,1,peça,3,1,8,0,6,2,1,3,2025-11-10,2025-11-12,09/11/2025 23:02:02,67,67,2025-11-09 23:02:03.000000000,2025-11-09
30594,147044,2025-11-17,1,4690,1,113,Pep Set,Chão,Silica,\N,1,peça,1,2,8,0,8,8,15,120,2025-11-11,2025-11-13,09/11/2025 23:02:02,67,67,2025-11-09 23:02:03.000000000,2025-11-09
30595,147044,2025-11-17,1,4690,2,114,Cold Box Soprado,Sopradora,Silica,3,1,peça,2,1,8,0,8,4,1,6,2025-11-11,2025-11-13,09/11/2025 23:02:02,67,67,2025-11-09 23:02:03.000000000,2025-11-09
30596,147044,2025-11-17,1,4690,3,98,Cold Box Gasado,Cold Box Pequena,Silica,3,1,peça,1,1,8,0,8,8,3,20,2025-11-11,2025-11-13,09/11/2025 23:02:02,67,67,2025-11-09 23:02:03.000000000,2025-11-09
30597,147044,2025-11-17,1,4690,4,385,Cold Box Soprado,Sopradora,Silica,1,1,peça,4,1,8,0,8,2,1,3,2025-11-11,2025-11-13,09/11/2025 23:02:02,67,67,2025-11-09 23:02:03.000000000,2025-11-09
30598,147044,2025-11-17,1,4690,20,2629,Cold Box Soprado,Sopradora,Silica,2,1,peça,3,1,8,0,6,2,1,3,2025-11-11,2025-11-13,09/11/2025 23:02:02,67,67,2025-11-09 23:02:03.000000000,2025-11-09
30599,147045,2025-11-17,12,4690,1,113,Pep Set,Chão,Silica,\N,1,peça,1,2,8,0,8,8,15,120,2025-11-11,2025-11-13,09/11/2025 23:02:02,67,67,2025-11-09 23:02:03.000000000,2025-11-09
30600,147045,2025-11-17,12,4690,2,114,Cold Box Soprado,Sopradora,Silica,3,1,peça,2,1,8,0,8,4,1,6,2025-11-11,2025-11-13,09/11/2025 23:02:02,67,67,2025-11-09 23:02:03.000000000,2025-11-09
30601,147045,2025-11-17,12,4690,3,98,Cold Box Gasado,Cold Box Pequena,Silica,3,1,peça,1,1,8,0,8,8,3,20,2025-11-11,2025-11-13,09/11/2025 23:02:02,67,67,2025-11-09 23:02:03.000000000,2025-11-09
30602,147045,2025-11-17,12,4690,4,385,Cold Box Soprado,Sopradora,Silica,1,1,peça,4,1,8,0,8,2,1,3,2025-11-11,2025-11-13,09/11/2025 23:02:02,67,67,2025-11-09 23:02:03.000000000,2025-11-09
30603,147045,2025-11-17,12,4690,20,2629,Cold Box Soprado,Sopradora,Silica,2,1,peça,3,1,8,0,6,2,1,3,2025-11-11,2025-11-13,09/11/2025 23:02:02,67,67,2025-11-09 23:02:03.000000000,2025-11-09
30604,147046,2025-11-18,1,4690,1,113,Pep Set,Chão,Silica,\N,1,peça,1,2,8,0,8,8,15,120,2025-11-12,2025-11-14,09/11/2025 23:02:02,67,67,2025-11-09 23:02:03.000000000,2025-11-09
30605,147046,2025-11-18,1,4690,2,114,Cold Box Soprado,Sopradora,Silica,3,1,peça,2,1,8,0,8,4,1,6,2025-11-12,2025-11-14,09/11/2025 23:02:02,67,67,2025-11-09 23:02:03.000000000,2025-11-09
30606,147046,2025-11-18,1,4690,3,98,Cold Box Gasado,Cold Box Pequena,Silica,3,1,peça,1,1,8,0,8,8,3,20,2025-11-12,2025-11-14,09/11/2025 23:02:02,67,67,2025-11-09 23:02:03.000000000,2025-11-09
30607,147046,2025-11-18,1,4690,4,385,Cold Box Soprado,Sopradora,Silica,1,1,peça,4,1,8,0,8,2,1,3,2025-11-12,2025-11-14,09/11/2025 23:02:02,67,67,2025-11-09 23:02:03.000000000,2025-11-09
30608,147046,2025-11-18,1,4690,20,2629,Cold Box Soprado,Sopradora,Silica,2,1,peça,3,1,8,0,6,2,1,3,2025-11-12,2025-11-14,09/11/2025 23:02:02,67,67,2025-11-09 23:02:03.000000000,2025-11-09
30609,147047,2025-11-18,12,4690,1,113,Pep Set,Chão,Silica,\N,1,peça,1,2,8,0,8,8,15,120,2025-11-12,2025-11-14,09/11/2025 23:02:02,67,67,2025-11-09 23:02:03.000000000,2025-11-09
30610,147047,2025-11-18,12,4690,2,114,Cold Box Soprado,Sopradora,Silica,3,1,peça,2,1,8,0,8,4,1,6,2025-11-12,2025-11-14,09/11/2025 23:02:02,67,67,2025-11-09 23:02:03.000000000,2025-11-09
30611,147047,2025-11-18,12,4690,3,98,Cold Box Gasado,Cold Box Pequena,Silica,3,1,peça,1,1,8,0,8,8,3,20,2025-11-12,2025-11-14,09/11/2025 23:02:02,67,67,2025-11-09 23:02:03.000000000,2025-11-09
30612,147047,2025-11-18,12,4690,4,385,Cold Box Soprado,Sopradora,Silica,1,1,peça,4,1,8,0,8,2,1,3,2025-11-12,2025-11-14,09/11/2025 23:02:02,67,67,2025-11-09 23:02:03.000000000,2025-11-09
30613,147047,2025-11-18,12,4690,20,2629,Cold Box Soprado,Sopradora,Silica,2,1,peça,3,1,8,0,6,2,1,3,2025-11-12,2025-11-14,09/11/2025 23:02:02,67,67,2025-11-09 23:02:03.000000000,2025-11-09
30614,147071,2025-11-10,9,4805,5,2694,Pep Set,Vibrado,Silica,77,1,peça,1,2,8,4,4,4,28,112,2025-11-04,2025-11-06,09/11/2025 23:02:02,67,67,2025-11-09 23:02:03.000000000,2025-11-09
30615,147072,2025-11-11,12,4805,5,2694,Pep Set,Vibrado,Silica,77,1,peça,1,2,8,0,8,8,28,224,2025-11-05,2025-11-07,09/11/2025 23:02:02,67,67,2025-11-09 23:02:03.000000000,2025-11-09
30616,147073,2025-11-11,3,4805,5,2694,Pep Set,Vibrado,Silica,77,1,peça,1,2,8,0,8,8,28,224,2025-11-05,2025-11-07,09/11/2025 23:02:02,67,67,2025-11-09 23:02:03.000000000,2025-11-09
30617,147074,2025-11-12,6,4805,5,2694,Pep Set,Vibrado,Silica,77,1,peça,1,2,8,0,8,8,28,224,2025-11-06,2025-11-10,09/11/2025 23:02:02,67,67,2025-11-09 23:02:03.000000000,2025-11-09
30618,147075,2025-11-12,3,4805,5,2694,Pep Set,Vibrado,Silica,77,1,peça,1,2,8,0,8,8,28,224,2025-11-06,2025-11-10,09/11/2025 23:02:02,67,67,2025-11-09 23:02:03.000000000,2025-11-09
30619,147076,2025-11-13,2,4805,3,2692,Cold Box Soprado,Sopradora,Silica,3,1,peça,2,1,8,0,8,4,1,6,2025-11-07,2025-11-11,09/11/2025 23:02:02,67,67,2025-11-09 23:02:03.000000000,2025-11-09
30620,147076,2025-11-13,2,4805,4,2693,Cold Box Soprado,Sopradora,Silica,1,4,peça,4,1,8,0,32,8,1,11,2025-11-07,2025-11-11,09/11/2025 23:02:02,67,67,2025-11-09 23:02:03.000000000,2025-11-09
30621,147076,2025-11-13,2,4805,5,2694,Pep Set,Vibrado,Silica,77,1,peça,1,2,8,0,8,8,28,224,2025-11-07,2025-11-11,09/11/2025 23:02:02,67,67,2025-11-09 23:02:03.000000000,2025-11-09
30622,147076,2025-11-13,2,4805,20,2629,Cold Box Soprado,Sopradora,Silica,2,2,peça,3,1,8,0,12,4,1,6,2025-11-07,2025-11-11,09/11/2025 23:02:02,67,67,2025-11-09 23:02:03.000000000,2025-11-09
30623,147077,2025-11-13,7,4805,3,2692,Cold Box Soprado,Sopradora,Silica,3,1,peça,2,1,8,0,8,4,1,6,2025-11-07,2025-11-11,09/11/2025 23:02:02,67,67,2025-11-09 23:02:03.000000000,2025-11-09
30624,147077,2025-11-13,7,4805,4,2693,Cold Box Soprado,Sopradora,Silica,1,4,peça,4,1,8,0,32,8,1,11,2025-11-07,2025-11-11,09/11/2025 23:02:02,67,67,2025-11-09 23:02:03.000000000,2025-11-09
30625,147077,2025-11-13,7,4805,5,2694,Pep Set,Vibrado,Silica,77,1,peça,1,2,8,0,8,8,28,224,2025-11-07,2025-11-11,09/11/2025 23:02:02,67,67,2025-11-09 23:02:03.000000000,2025-11-09
30626,147077,2025-11-13,7,4805,20,2629,Cold Box Soprado,Sopradora,Silica,2,2,peça,3,1,8,0,12,4,1,6,2025-11-07,2025-11-11,09/11/2025 23:02:02,67,67,2025-11-09 23:02:03.000000000,2025-11-09
30627,147078,2025-11-14,3,4805,1,2690,Cold Box Gasado,Cold Box 4,Silica,3,2,peça,1,1,8,0,16,16,3,40,2025-11-10,2025-11-12,09/11/2025 23:02:02,67,67,2025-11-09 23:02:03.000000000,2025-11-09
30628,147078,2025-11-14,3,4805,2,2691,Cold Box Gasado,Cold Box 4,Silica,3,2,peça,1,1,8,0,16,16,3,40,2025-11-10,2025-11-12,09/11/2025 23:02:02,67,67,2025-11-09 23:02:03.000000000,2025-11-09
30629,147078,2025-11-14,3,4805,3,2692,Cold Box Soprado,Sopradora,Silica,3,1,peça,2,1,8,0,8,4,1,6,2025-11-10,2025-11-12,09/11/2025 23:02:02,67,67,2025-11-09 23:02:03.000000000,2025-11-09
30630,147078,2025-11-14,3,4805,4,2693,Cold Box Soprado,Sopradora,Silica,1,4,peça,4,1,8,0,32,8,1,11,2025-11-10,2025-11-12,09/11/2025 23:02:02,67,67,2025-11-09 23:02:03.000000000,2025-11-09
30631,147078,2025-11-14,3,4805,5,2694,Pep Set,Vibrado,Silica,77,1,peça,1,2,8,0,8,8,28,224,2025-11-10,2025-11-12,09/11/2025 23:02:02,67,67,2025-11-09 23:02:03.000000000,2025-11-09
30632,147078,2025-11-14,3,4805,6,2695,Pep Set,Carrossel,Silica,8,1,peça,1,1,8,0,8,8,1,10,2025-11-10,2025-11-12,09/11/2025 23:02:02,67,67,2025-11-09 23:02:03.000000000,2025-11-09
30633,147078,2025-11-14,3,4805,7,2696,Pep Set,Carrossel,Silica,8,1,peça,1,1,8,0,8,8,1,10,2025-11-10,2025-11-12,09/11/2025 23:02:02,67,67,2025-11-09 23:02:03.000000000,2025-11-09
30634,147078,2025-11-14,3,4805,8,2697,Pep Set,Carrossel,Silica,8,1,peça,1,1,8,0,8,8,1,10,2025-11-10,2025-11-12,09/11/2025 23:02:02,67,67,2025-11-09 23:02:03.000000000,2025-11-09
30635,147078,2025-11-14,3,4805,9,2698,Pep Set,Carrossel,Silica,8,1,peça,1,1,8,0,8,8,1,10,2025-11-10,2025-11-12,09/11/2025 23:02:02,67,67,2025-11-09 23:02:03.000000000,2025-11-09
30636,147078,2025-11-14,3,4805,20,2629,Cold Box Soprado,Sopradora,Silica,2,2,peça,3,1,8,0,12,4,1,6,2025-11-10,2025-11-12,09/11/2025 23:02:02,67,67,2025-11-09 23:02:03.000000000,2025-11-09
30637,147079,2025-11-14,6,4805,1,2690,Cold Box Gasado,Cold Box 4,Silica,3,2,peça,1,1,8,0,16,16,3,40,2025-11-10,2025-11-12,09/11/2025 23:02:02,67,67,2025-11-09 23:02:03.000000000,2025-11-09
30638,147079,2025-11-14,6,4805,2,2691,Cold Box Gasado,Cold Box 4,Silica,3,2,peça,1,1,8,0,16,16,3,40,2025-11-10,2025-11-12,09/11/2025 23:02:02,67,67,2025-11-09 23:02:03.000000000,2025-11-09
30639,147079,2025-11-14,6,4805,3,2692,Cold Box Soprado,Sopradora,Silica,3,1,peça,2,1,8,0,8,4,1,6,2025-11-10,2025-11-12,09/11/2025 23:02:02,67,67,2025-11-09 23:02:03.000000000,2025-11-09
30640,147079,2025-11-14,6,4805,4,2693,Cold Box Soprado,Sopradora,Silica,1,4,peça,4,1,8,0,32,8,1,11,2025-11-10,2025-11-12,09/11/2025 23:02:02,67,67,2025-11-09 23:02:03.000000000,2025-11-09
30641,147079,2025-11-14,6,4805,5,2694,Pep Set,Vibrado,Silica,77,1,peça,1,2,8,0,8,8,28,224,2025-11-10,2025-11-12,09/11/2025 23:02:02,67,67,2025-11-09 23:02:03.000000000,2025-11-09
30642,147079,2025-11-14,6,4805,6,2695,Pep Set,Carrossel,Silica,8,1,peça,1,1,8,0,8,8,1,10,2025-11-10,2025-11-12,09/11/2025 23:02:02,67,67,2025-11-09 23:02:03.000000000,2025-11-09
30643,147079,2025-11-14,6,4805,7,2696,Pep Set,Carrossel,Silica,8,1,peça,1,1,8,0,8,8,1,10,2025-11-10,2025-11-12,09/11/2025 23:02:02,67,67,2025-11-09 23:02:03.000000000,2025-11-09
30644,147079,2025-11-14,6,4805,8,2697,Pep Set,Carrossel,Silica,8,1,peça,1,1,8,0,8,8,1,10,2025-11-10,2025-11-12,09/11/2025 23:02:02,67,67,2025-11-09 23:02:03.000000000,2025-11-09
30645,147079,2025-11-14,6,4805,9,2698,Pep Set,Carrossel,Silica,8,1,peça,1,1,8,0,8,8,1,10,2025-11-10,2025-11-12,09/11/2025 23:02:02,67,67,2025-11-09 23:02:03.000000000,2025-11-09
30646,147079,2025-11-14,6,4805,20,2629,Cold Box Soprado,Sopradora,Silica,2,2,peça,3,1,8,0,12,4,1,6,2025-11-10,2025-11-12,09/11/2025 23:02:02,67,67,2025-11-09 23:02:03.000000000,2025-11-09
30647,147080,2025-11-17,2,4805,1,2690,Cold Box Gasado,Cold Box 4,Silica,3,2,peça,1,1,8,0,16,16,3,40,2025-11-11,2025-11-13,09/11/2025 23:02:02,67,67,2025-11-09 23:02:03.000000000,2025-11-09
30648,147080,2025-11-17,2,4805,2,2691,Cold Box Gasado,Cold Box 4,Silica,3,2,peça,1,1,8,0,16,16,3,40,2025-11-11,2025-11-13,09/11/2025 23:02:02,67,67,2025-11-09 23:02:03.000000000,2025-11-09
30649,147080,2025-11-17,2,4805,3,2692,Cold Box Soprado,Sopradora,Silica,3,1,peça,2,1,8,0,8,4,1,6,2025-11-11,2025-11-13,09/11/2025 23:02:02,67,67,2025-11-09 23:02:03.000000000,2025-11-09
30650,147080,2025-11-17,2,4805,4,2693,Cold Box Soprado,Sopradora,Silica,1,4,peça,4,1,8,0,32,8,1,11,2025-11-11,2025-11-13,09/11/2025 23:02:02,67,67,2025-11-09 23:02:03.000000000,2025-11-09
30651,147080,2025-11-17,2,4805,5,2694,Pep Set,Vibrado,Silica,77,1,peça,1,2,8,0,8,8,28,224,2025-11-11,2025-11-13,09/11/2025 23:02:02,67,67,2025-11-09 23:02:03.000000000,2025-11-09
30652,147080,2025-11-17,2,4805,6,2695,Pep Set,Carrossel,Silica,8,1,peça,1,1,8,0,8,8,1,10,2025-11-11,2025-11-13,09/11/2025 23:02:02,67,67,2025-11-09 23:02:03.000000000,2025-11-09
30653,147080,2025-11-17,2,4805,7,2696,Pep Set,Carrossel,Silica,8,1,peça,1,1,8,0,8,8,1,10,2025-11-11,2025-11-13,09/11/2025 23:02:02,67,67,2025-11-09 23:02:03.000000000,2025-11-09
30654,147080,2025-11-17,2,4805,8,2697,Pep Set,Carrossel,Silica,8,1,peça,1,1,8,0,8,8,1,10,2025-11-11,2025-11-13,09/11/2025 23:02:02,67,67,2025-11-09 23:02:03.000000000,2025-11-09
30655,147080,2025-11-17,2,4805,9,2698,Pep Set,Carrossel,Silica,8,1,peça,1,1,8,0,8,8,1,10,2025-11-11,2025-11-13,09/11/2025 23:02:02,67,67,2025-11-09 23:02:03.000000000,2025-11-09
30656,147080,2025-11-17,2,4805,20,2629,Cold Box Soprado,Sopradora,Silica,2,2,peça,3,1,8,0,12,4,1,6,2025-11-11,2025-11-13,09/11/2025 23:02:02,67,67,2025-11-09 23:02:03.000000000,2025-11-09
30657,147081,2025-11-18,2,4805,1,2690,Cold Box Gasado,Cold Box 4,Silica,3,2,peça,1,1,8,0,16,16,3,40,2025-11-12,2025-11-14,09/11/2025 23:02:02,67,67,2025-11-09 23:02:03.000000000,2025-11-09
30658,147081,2025-11-18,2,4805,2,2691,Cold Box Gasado,Cold Box 4,Silica,3,2,peça,1,1,8,0,16,16,3,40,2025-11-12,2025-11-14,09/11/2025 23:02:02,67,67,2025-11-09 23:02:03.000000000,2025-11-09
30659,147081,2025-11-18,2,4805,3,2692,Cold Box Soprado,Sopradora,Silica,3,1,peça,2,1,8,0,8,4,1,6,2025-11-12,2025-11-14,09/11/2025 23:02:02,67,67,2025-11-09 23:02:03.000000000,2025-11-09
30660,147081,2025-11-18,2,4805,4,2693,Cold Box Soprado,Sopradora,Silica,1,4,peça,4,1,8,0,32,8,1,11,2025-11-12,2025-11-14,09/11/2025 23:02:02,67,67,2025-11-09 23:02:03.000000000,2025-11-09
30661,147081,2025-11-18,2,4805,5,2694,Pep Set,Vibrado,Silica,77,1,peça,1,2,8,0,8,8,28,224,2025-11-12,2025-11-14,09/11/2025 23:02:02,67,67,2025-11-09 23:02:03.000000000,2025-11-09
30662,147081,2025-11-18,2,4805,6,2695,Pep Set,Carrossel,Silica,8,1,peça,1,1,8,0,8,8,1,10,2025-11-12,2025-11-14,09/11/2025 23:02:02,67,67,2025-11-09 23:02:03.000000000,2025-11-09
30663,147081,2025-11-18,2,4805,7,2696,Pep Set,Carrossel,Silica,8,1,peça,1,1,8,0,8,8,1,10,2025-11-12,2025-11-14,09/11/2025 23:02:02,67,67,2025-11-09 23:02:03.000000000,2025-11-09
30664,147081,2025-11-18,2,4805,8,2697,Pep Set,Carrossel,Silica,8,1,peça,1,1,8,0,8,8,1,10,2025-11-12,2025-11-14,09/11/2025 23:02:02,67,67,2025-11-09 23:02:03.000000000,2025-11-09
30665,147081,2025-11-18,2,4805,9,2698,Pep Set,Carrossel,Silica,8,1,peça,1,1,8,0,8,8,1,10,2025-11-12,2025-11-14,09/11/2025 23:02:02,67,67,2025-11-09 23:02:03.000000000,2025-11-09
30666,147081,2025-11-18,2,4805,20,2629,Cold Box Soprado,Sopradora,Silica,2,2,peça,3,1,8,0,12,4,1,6,2025-11-12,2025-11-14,09/11/2025 23:02:02,67,67,2025-11-09 23:02:03.000000000,2025-11-09
30667,147108,2025-11-11,10,5134,20,2629,Cold Box Soprado,Sopradora,Silica,2,2,peça,3,1,16,0,24,8,1,11,2025-11-05,2025-11-07,09/11/2025 23:02:02,67,67,2025-11-09 23:02:03.000000000,2025-11-09
30668,147119,2025-11-13,1,947,1,87,Pep Set,Carrossel,Silica,22,1,peça,1,2,20,6,14,14,1,18,2025-11-07,2025-11-11,09/11/2025 23:02:02,67,67,2025-11-09 23:02:03.000000000,2025-11-09
30669,147119,2025-11-13,1,947,2,88,Pep Set,Carrossel,Silica,16,1,peça,1,2,20,17,3,3,1,4,2025-11-07,2025-11-11,09/11/2025 23:02:02,67,67,2025-11-09 23:02:03.000000000,2025-11-09
30670,147119,2025-11-13,1,947,3,89,Pep Set,Carrossel,Silica,9,1,peça,1,2,20,14,6,6,1,8,2025-11-07,2025-11-11,09/11/2025 23:02:02,67,67,2025-11-09 23:02:03.000000000,2025-11-09
30671,147119,2025-11-13,1,947,4,94,Pep Set,Carrossel,Silica,5,1,peça,1,2,20,13,7,7,1,9,2025-11-07,2025-11-11,09/11/2025 23:02:02,67,67,2025-11-09 23:02:03.000000000,2025-11-09
30672,147120,2025-11-14,7,947,1,87,Pep Set,Carrossel,Silica,22,1,peça,1,2,20,0,20,20,1,25,2025-11-10,2025-11-12,09/11/2025 23:02:02,67,67,2025-11-09 23:02:03.000000000,2025-11-09
30673,147120,2025-11-14,7,947,2,88,Pep Set,Carrossel,Silica,16,1,peça,1,2,20,0,20,20,1,25,2025-11-10,2025-11-12,09/11/2025 23:02:02,67,67,2025-11-09 23:02:03.000000000,2025-11-09
30674,147120,2025-11-14,7,947,3,89,Pep Set,Carrossel,Silica,9,1,peça,1,2,20,0,20,20,1,25,2025-11-10,2025-11-12,09/11/2025 23:02:02,67,67,2025-11-09 23:02:03.000000000,2025-11-09
30675,147120,2025-11-14,7,947,4,94,Pep Set,Carrossel,Silica,5,1,peça,1,2,20,0,20,20,1,25,2025-11-10,2025-11-12,09/11/2025 23:02:02,67,67,2025-11-09 23:02:03.000000000,2025-11-09
30676,147128,2025-11-12,2,5135,20,2629,Cold Box Soprado,Sopradora,Silica,2,2,peça,3,1,16,0,24,8,1,11,2025-11-06,2025-11-10,09/11/2025 23:02:02,67,67,2025-11-09 23:02:03.000000000,2025-11-09
30677,147129,2025-11-14,12,5135,20,2629,Cold Box Soprado,Sopradora,Silica,2,2,peça,3,1,16,0,24,8,1,11,2025-11-10,2025-11-12,09/11/2025 23:02:02,67,67,2025-11-09 23:02:03.000000000,2025-11-09
30678,147130,2025-11-18,16,5135,6,840,Cold Box Soprado,Sopradora,Silica,2,1,peça,4,1,16,0,16,4,1,6,2025-11-12,2025-11-14,09/11/2025 23:02:02,67,67,2025-11-09 23:02:03.000000000,2025-11-09
30679,147130,2025-11-18,16,5135,7,841,Cold Box Soprado,Sopradora,Silica,1,1,peça,4,1,16,0,16,4,1,6,2025-11-12,2025-11-14,09/11/2025 23:02:02,67,67,2025-11-09 23:02:03.000000000,2025-11-09
30680,147130,2025-11-18,16,5135,20,2629,Cold Box Soprado,Sopradora,Silica,2,2,peça,3,1,16,0,24,8,1,11,2025-11-12,2025-11-14,09/11/2025 23:02:02,67,67,2025-11-09 23:02:03.000000000,2025-11-09
30681,147164,2025-11-12,1,4755,1,116,Pep Set,Chão,Silica,13,1,peça,1,2,20,0,20,20,15,300,2025-11-06,2025-11-10,09/11/2025 23:02:02,67,67,2025-11-09 23:02:03.000000000,2025-11-09
30682,147165,2025-11-13,4,4755,1,116,Pep Set,Chão,Silica,13,1,peça,1,2,20,11,9,9,15,135,2025-11-07,2025-11-11,09/11/2025 23:02:02,67,67,2025-11-09 23:02:03.000000000,2025-11-09
30683,147165,2025-11-13,4,4755,2,117,Cold Box Soprado,Sopradora,Silica,6,1,peça,2,1,20,0,20,10,1,14,2025-11-07,2025-11-11,09/11/2025 23:02:02,67,67,2025-11-09 23:02:03.000000000,2025-11-09
30684,147165,2025-11-13,4,4755,3,2514,Cold Box Soprado,Sopradora,Silica,3,1,peça,4,1,20,0,20,5,1,7,2025-11-07,2025-11-11,09/11/2025 23:02:02,67,67,2025-11-09 23:02:03.000000000,2025-11-09
30685,147168,2025-11-14,1,4755,1,116,Pep Set,Chão,Silica,13,1,peça,1,2,20,0,20,20,15,300,2025-11-10,2025-11-12,09/11/2025 23:02:02,67,67,2025-11-09 23:02:03.000000000,2025-11-09
30686,147168,2025-11-14,1,4755,2,117,Cold Box Soprado,Sopradora,Silica,6,1,peça,2,1,20,0,20,10,1,14,2025-11-10,2025-11-12,09/11/2025 23:02:02,67,67,2025-11-09 23:02:03.000000000,2025-11-09
30687,147168,2025-11-14,1,4755,3,2514,Cold Box Soprado,Sopradora,Silica,3,1,peça,4,1,20,0,20,5,1,7,2025-11-10,2025-11-12,09/11/2025 23:02:02,67,67,2025-11-09 23:02:03.000000000,2025-11-09
30688,147207,2025-11-14,4,5134,1,2919,Pep Set,Carrossel,Silica,9,1,peça,1,1,16,0,16,16,1,20,2025-11-10,2025-11-12,09/11/2025 23:02:02,67,67,2025-11-09 23:02:03.000000000,2025-11-09
30689,147207,2025-11-14,4,5134,6,840,Cold Box Soprado,Sopradora,Silica,2,1,peça,4,1,16,0,16,4,1,6,2025-11-10,2025-11-12,09/11/2025 23:02:02,67,67,2025-11-09 23:02:03.000000000,2025-11-09
30690,147207,2025-11-14,4,5134,7,834,Cold Box Soprado,Sopradora,Silica,1,1,peça,4,1,16,0,16,4,1,6,2025-11-10,2025-11-12,09/11/2025 23:02:02,67,67,2025-11-09 23:02:03.000000000,2025-11-09
30691,147207,2025-11-14,4,5134,20,2629,Cold Box Soprado,Sopradora,Silica,2,2,peça,3,1,16,0,24,8,1,11,2025-11-10,2025-11-12,09/11/2025 23:02:02,67,67,2025-11-09 23:02:03.000000000,2025-11-09
30692,147218,2025-11-14,2,1008,1,668,Pep Set,Chão,Silica,56,1,peça,1,1,7,0,7,7,15,105,2025-11-10,2025-11-12,09/11/2025 23:02:02,67,67,2025-11-09 23:02:03.000000000,2025-11-09
30693,147218,2025-11-14,2,1008,2,669,Pep Set,Carrossel,Silica,62,1,peça,1,1,7,0,7,7,1,9,2025-11-10,2025-11-12,09/11/2025 23:02:02,67,67,2025-11-09 23:02:03.000000000,2025-11-09
30694,147218,2025-11-14,2,1008,3,670,Pep Set,Carrossel,Silica,61,1,peça,1,1,7,0,7,7,1,9,2025-11-10,2025-11-12,09/11/2025 23:02:02,67,67,2025-11-09 23:02:03.000000000,2025-11-09
30695,147219,2025-11-18,10,1008,1,668,Pep Set,Chão,Silica,56,1,peça,1,1,7,0,7,7,15,105,2025-11-12,2025-11-14,09/11/2025 23:02:02,67,67,2025-11-09 23:02:03.000000000,2025-11-09
30696,147219,2025-11-18,10,1008,2,669,Pep Set,Carrossel,Silica,62,1,peça,1,1,7,0,7,7,1,9,2025-11-12,2025-11-14,09/11/2025 23:02:02,67,67,2025-11-09 23:02:03.000000000,2025-11-09
30697,147219,2025-11-18,10,1008,3,670,Pep Set,Carrossel,Silica,61,1,peça,1,1,7,0,7,7,1,9,2025-11-12,2025-11-14,09/11/2025 23:02:02,67,67,2025-11-09 23:02:03.000000000,2025-11-09
30698,147228,2025-11-13,5,948,1,1211,Pep Set,Chão,Silica,23,1,peça,1,1,13,0,13,13,15,195,2025-11-07,2025-11-11,09/11/2025 23:02:02,67,67,2025-11-09 23:02:03.000000000,2025-11-09
30699,147390,2025-11-12,11,753,23,2907,Cold Box Gasado,Cold Box Pequena,Silica,10,1,Molde,2,1,351,0,13,7,3,16,2025-11-06,2025-11-10,09/11/2025 23:02:02,67,67,2025-11-09 23:02:03.000000000,2025-11-09
30700,147394,2025-11-11,7,3345,1,1948,Pep Set,Vibrado,Silica,106,1,peça,1,1,4,0,4,4,28,112,2025-11-05,2025-11-07,09/11/2025 23:02:02,67,67,2025-11-09 23:02:03.000000000,2025-11-09
30701,147398,2025-11-13,10,4135,1,2301,Cold Box Gasado,Cold Box Pequena,Silica,6,1,peça,1,2,84,0,84,84,3,210,2025-11-07,2025-11-11,09/11/2025 23:02:02,67,67,2025-11-09 23:02:03.000000000,2025-11-09
30702,147398,2025-11-13,10,4135,30,2926,Pep Set,Carrossel,Silica,\N,1,Lote,1,1,84,0,1,1,1,1,2025-11-07,2025-11-11,09/11/2025 23:02:02,67,67,2025-11-09 23:02:03.000000000,2025-11-09
30703,148446,2025-11-11,6,3049,30,2926,Pep Set,Carrossel,Silica,\N,1,Lote,1,1,160,0,1,1,1,1,2025-11-05,2025-11-07,09/11/2025 23:02:02,67,67,2025-11-09 23:02:03.000000000,2025-11-09
30704,148447,2025-11-11,6,3050,30,2926,Pep Set,Carrossel,Silica,\N,1,Lote,1,1,160,0,1,1,1,1,2025-11-05,2025-11-07,09/11/2025 23:02:02,67,67,2025-11-09 23:02:03.000000000,2025-11-09
30705,148453,2025-11-13,14,2671,23,2907,Cold Box Gasado,Cold Box Pequena,Silica,10,1,Molde,2,1,210,0,15,8,3,19,2025-11-07,2025-11-11,09/11/2025 23:02:02,67,67,2025-11-09 23:02:03.000000000,2025-11-09
30706,148480,2025-11-17,7,5095,22,2906,Cold Box Gasado,Cold Box Pequena,Silica,8,1,Molde,2,1,270,0,18,9,3,23,2025-11-11,2025-11-13,09/11/2025 23:02:02,67,67,2025-11-09 23:02:03.000000000,2025-11-09
30707,148481,2025-11-18,7,5095,22,2906,Cold Box Gasado,Cold Box Pequena,Silica,8,1,Molde,2,1,195,0,13,7,3,16,2025-11-12,2025-11-14,09/11/2025 23:02:02,67,67,2025-11-09 23:02:03.000000000,2025-11-09
30708,148485,2025-11-18,7,3333,1,1843,Cold Box Gasado,Cold Box Pequena,Silica,0,1,peça,2,2,40,0,40,20,3,50,2025-11-12,2025-11-14,09/11/2025 23:02:02,67,67,2025-11-09 23:02:03.000000000,2025-11-09
30709,148489,2025-11-12,15,5201,1,2962,Pep Set,Chão,Silica,319,1,peça,1,1,5,0,5,5,15,75,2025-11-06,2025-11-10,09/11/2025 23:02:02,67,67,2025-11-09 23:02:03.000000000,2025-11-09
30710,148490,2025-11-12,4,5201,1,2962,Pep Set,Chão,Silica,319,1,peça,1,1,5,0,5,5,15,75,2025-11-06,2025-11-10,09/11/2025 23:02:02,67,67,2025-11-09 23:02:03.000000000,2025-11-09
30711,148491,2025-11-13,6,5201,1,2962,Pep Set,Chão,Silica,319,1,peça,1,1,5,0,5,5,15,75,2025-11-07,2025-11-11,09/11/2025 23:02:02,67,67,2025-11-09 23:02:03.000000000,2025-11-09
30712,148491,2025-11-13,6,5201,2,2218,Pep Set,Carrossel,Silica,4,1,peça,1,1,5,0,5,5,1,6,2025-11-07,2025-11-11,09/11/2025 23:02:02,67,67,2025-11-09 23:02:03.000000000,2025-11-09
30713,148491,2025-11-13,6,5201,3,2368,Pep Set,Carrossel,Silica,2,1,peça,1,1,5,1,4,4,1,5,2025-11-07,2025-11-11,09/11/2025 23:02:02,67,67,2025-11-09 23:02:03.000000000,2025-11-09
30714,148492,2025-11-14,8,5201,1,2962,Pep Set,Chão,Silica,319,1,peça,1,1,5,0,5,5,15,75,2025-11-10,2025-11-12,09/11/2025 23:02:02,67,67,2025-11-09 23:02:03.000000000,2025-11-09
30715,148492,2025-11-14,8,5201,2,2218,Pep Set,Carrossel,Silica,4,1,peça,1,1,5,0,5,5,1,6,2025-11-10,2025-11-12,09/11/2025 23:02:02,67,67,2025-11-09 23:02:03.000000000,2025-11-09
30716,148492,2025-11-14,8,5201,3,2368,Pep Set,Carrossel,Silica,2,1,peça,1,1,5,0,5,5,1,6,2025-11-10,2025-11-12,09/11/2025 23:02:02,67,67,2025-11-09 23:02:03.000000000,2025-11-09
30717,148492,2025-11-14,8,5201,4,2369,Pep Set,Carrossel,Silica,1,1,peça,1,1,5,0,5,5,1,6,2025-11-10,2025-11-12,09/11/2025 23:02:02,67,67,2025-11-09 23:02:03.000000000,2025-11-09
30718,148496,2025-11-12,15,5202,1,2961,Pep Set,Chão,Silica,\N,1,peça,1,1,5,0,5,5,15,75,2025-11-06,2025-11-10,09/11/2025 23:02:02,67,67,2025-11-09 23:02:03.000000000,2025-11-09
30719,148497,2025-11-12,4,5202,1,2961,Pep Set,Chão,Silica,\N,1,peça,1,1,5,0,5,5,15,75,2025-11-06,2025-11-10,09/11/2025 23:02:02,67,67,2025-11-09 23:02:03.000000000,2025-11-09
30720,148498,2025-11-13,6,5202,1,2961,Pep Set,Chão,Silica,\N,1,peça,1,1,5,0,5,5,15,75,2025-11-07,2025-11-11,09/11/2025 23:02:02,67,67,2025-11-09 23:02:03.000000000,2025-11-09
30721,148499,2025-11-14,8,5202,1,2961,Pep Set,Chão,Silica,\N,1,peça,1,1,5,0,5,5,15,75,2025-11-10,2025-11-12,09/11/2025 23:02:02,67,67,2025-11-09 23:02:03.000000000,2025-11-09
30722,148499,2025-11-14,8,5202,2,2218,Pep Set,Carrossel,Silica,4,1,peça,1,1,5,0,5,5,1,6,2025-11-10,2025-11-12,09/11/2025 23:02:02,67,67,2025-11-09 23:02:03.000000000,2025-11-09
30723,148499,2025-11-14,8,5202,3,2219,Pep Set,Carrossel,Silica,2,1,peça,1,1,5,0,5,5,1,6,2025-11-10,2025-11-12,09/11/2025 23:02:02,67,67,2025-11-09 23:02:03.000000000,2025-11-09
30724,148499,2025-11-14,8,5202,4,2220,Pep Set,Carrossel,Silica,1,1,peça,1,1,5,0,5,5,1,6,2025-11-10,2025-11-12,09/11/2025 23:02:02,67,67,2025-11-09 23:02:03.000000000,2025-11-09
30725,148503,2025-11-17,5,4822,1,2612,Cold Box Soprado,Sopradora,Silica,0,2,peça,6,1,12,0,24,4,1,6,2025-11-11,2025-11-13,09/11/2025 23:02:02,67,67,2025-11-09 23:02:03.000000000,2025-11-09
30726,148503,2025-11-17,5,4822,2,2574,Cold Box Soprado,Sopradora,Silica,0,2,peça,6,1,12,0,24,4,1,6,2025-11-11,2025-11-13,09/11/2025 23:02:02,67,67,2025-11-09 23:02:03.000000000,2025-11-09
30727,148504,2025-11-18,4,4822,1,2612,Cold Box Soprado,Sopradora,Silica,0,2,peça,6,1,12,0,24,4,1,6,2025-11-12,2025-11-14,09/11/2025 23:02:02,67,67,2025-11-09 23:02:03.000000000,2025-11-09
30728,148504,2025-11-18,4,4822,2,2574,Cold Box Soprado,Sopradora,Silica,0,2,peça,6,1,12,0,24,4,1,6,2025-11-12,2025-11-14,09/11/2025 23:02:02,67,67,2025-11-09 23:02:03.000000000,2025-11-09
30729,148507,2025-11-17,6,4823,1,2575,Cold Box Soprado,Sopradora,Silica,1,2,peça,2,1,10,0,20,10,1,14,2025-11-11,2025-11-13,09/11/2025 23:02:02,67,67,2025-11-09 23:02:03.000000000,2025-11-09
30730,148507,2025-11-17,6,4823,2,2576,Cold Box Soprado,Sopradora,Silica,1,1,peça,1,1,10,0,10,10,1,14,2025-11-11,2025-11-13,09/11/2025 23:02:02,67,67,2025-11-09 23:02:03.000000000,2025-11-09
30731,148507,2025-11-17,6,4823,3,2577,Cold Box Soprado,Sopradora,Silica,1,2,peça,4,1,10,0,20,5,1,7,2025-11-11,2025-11-13,09/11/2025 23:02:02,67,67,2025-11-09 23:02:03.000000000,2025-11-09
30732,148508,2025-11-18,5,4823,1,2575,Cold Box Soprado,Sopradora,Silica,1,2,peça,2,1,10,0,20,10,1,14,2025-11-12,2025-11-14,09/11/2025 23:02:02,67,67,2025-11-09 23:02:03.000000000,2025-11-09
30733,148508,2025-11-18,5,4823,2,2576,Cold Box Soprado,Sopradora,Silica,1,1,peça,1,1,10,0,10,10,1,14,2025-11-12,2025-11-14,09/11/2025 23:02:02,67,67,2025-11-09 23:02:03.000000000,2025-11-09
30734,148508,2025-11-18,5,4823,3,2577,Cold Box Soprado,Sopradora,Silica,1,2,peça,4,1,10,0,20,5,1,7,2025-11-12,2025-11-14,09/11/2025 23:02:02,67,67,2025-11-09 23:02:03.000000000,2025-11-09
30735,148521,2025-11-12,16,4999,3,2833,Pep Set,Chão,Cromita,9,1,peça,1,1,10,0,10,10,15,150,2025-11-10,2025-11-11,09/11/2025 23:02:02,67,67,2025-11-09 23:02:03.000000000,2025-11-09
30736,148522,2025-11-13,16,4999,1,2831,Pep Set,Chão,Silica,55,1,peça,1,1,10,0,10,10,15,150,2025-11-07,2025-11-11,09/11/2025 23:02:02,67,67,2025-11-09 23:02:03.000000000,2025-11-09
30737,148522,2025-11-13,16,4999,3,2833,Pep Set,Chão,Cromita,9,1,peça,1,1,10,0,10,10,15,150,2025-11-11,2025-11-12,09/11/2025 23:02:02,67,67,2025-11-09 23:02:03.000000000,2025-11-09
30738,148523,2025-11-18,8,4999,1,2831,Pep Set,Chão,Silica,55,1,peça,1,1,10,0,10,10,15,150,2025-11-12,2025-11-14,09/11/2025 23:02:02,67,67,2025-11-09 23:02:03.000000000,2025-11-09
30739,148523,2025-11-18,8,4999,2,2832,Pep Set,Carrossel,Silica,7,1,peça,1,1,10,0,10,10,1,13,2025-11-12,2025-11-14,09/11/2025 23:02:02,67,67,2025-11-09 23:02:03.000000000,2025-11-09
30740,148523,2025-11-18,8,4999,3,2833,Pep Set,Chão,Cromita,9,1,peça,1,1,10,0,10,10,15,150,2025-11-17,2025-11-17,09/11/2025 23:02:02,67,67,2025-11-09 23:02:03.000000000,2025-11-09
30741,148542,2025-11-13,15,5000,1,2829,Pep Set,Chão,Silica,55,1,peça,1,1,10,0,10,10,15,150,2025-11-07,2025-11-11,09/11/2025 23:02:02,67,67,2025-11-09 23:02:03.000000000,2025-11-09
30742,148543,2025-11-17,9,5000,1,2829,Pep Set,Chão,Silica,55,1,peça,1,1,10,0,10,10,15,150,2025-11-11,2025-11-13,09/11/2025 23:02:02,67,67,2025-11-09 23:02:03.000000000,2025-11-09
30743,148543,2025-11-17,9,5000,2,2830,Pep Set,Carrossel,Silica,7,1,peça,1,1,10,0,10,10,1,13,2025-11-11,2025-11-13,09/11/2025 23:02:02,67,67,2025-11-09 23:02:03.000000000,2025-11-09
30744,148544,2025-11-18,3,5000,1,2829,Pep Set,Chão,Silica,55,1,peça,1,1,10,0,10,10,15,150,2025-11-12,2025-11-14,09/11/2025 23:02:02,67,67,2025-11-09 23:02:03.000000000,2025-11-09
30745,148544,2025-11-18,3,5000,2,2830,Pep Set,Carrossel,Silica,7,1,peça,1,1,10,0,10,10,1,13,2025-11-12,2025-11-14,09/11/2025 23:02:02,67,67,2025-11-09 23:02:03.000000000,2025-11-09
30746,148579,2025-11-11,14,4741,30,2926,Pep Set,Carrossel,Silica,\N,1,Lote,1,1,12,0,1,1,1,1,2025-11-05,2025-11-07,09/11/2025 23:02:02,67,67,2025-11-09 23:02:03.000000000,2025-11-09
30747,148587,2025-11-11,14,4550,30,2926,Pep Set,Carrossel,Silica,\N,1,Lote,1,1,64,0,1,1,1,1,2025-11-05,2025-11-07,09/11/2025 23:02:02,67,67,2025-11-09 23:02:03.000000000,2025-11-09
30748,148601,2025-11-14,9,4573,23,2907,Cold Box Gasado,Cold Box Pequena,Silica,10,1,Molde,2,1,28,0,2,1,3,3,2025-11-10,2025-11-12,09/11/2025 23:02:02,67,67,2025-11-09 23:02:03.000000000,2025-11-09
30749,148602,2025-11-14,9,4575,23,2907,Cold Box Gasado,Cold Box Pequena,Silica,10,1,Molde,2,1,126,0,9,5,3,11,2025-11-10,2025-11-12,09/11/2025 23:02:02,67,67,2025-11-09 23:02:03.000000000,2025-11-09
30750,148603,2025-11-14,9,4574,24,2908,Cold Box Gasado,Cold Box Pequena,Silica,10,1,Molde,2,1,40,0,4,2,3,5,2025-11-10,2025-11-12,09/11/2025 23:02:02,67,67,2025-11-09 23:02:03.000000000,2025-11-09
30751,148621,2025-11-13,9,152,30,2926,Pep Set,Carrossel,Silica,\N,1,Lote,1,1,48,0,1,1,1,1,2025-11-07,2025-11-11,09/11/2025 23:02:02,67,67,2025-11-09 23:02:03.000000000,2025-11-09
30752,148645,2025-11-13,9,3313,30,2926,Pep Set,Carrossel,Silica,\N,1,Lote,1,1,48,0,1,1,1,1,2025-11-07,2025-11-11,09/11/2025 23:02:02,67,67,2025-11-09 23:02:03.000000000,2025-11-09
30753,148646,2025-11-18,11,151,1,76,Cold Box Gasado,Cold Box Pequena,Silica,1,1,peça,2,2,320,0,160,80,3,200,2025-11-12,2025-11-14,09/11/2025 23:02:02,67,67,2025-11-09 23:02:03.000000000,2025-11-09
30754,148646,2025-11-18,11,151,2,77,Cold Box Gasado,Cold Box Pequena,Silica,1,1,peça,2,2,320,0,160,80,3,200,2025-11-12,2025-11-14,09/11/2025 23:02:02,67,67,2025-11-09 23:02:03.000000000,2025-11-09
30755,148646,2025-11-18,11,151,30,2926,Pep Set,Carrossel,Silica,\N,1,Lote,1,1,320,0,1,1,1,1,2025-11-12,2025-11-14,09/11/2025 23:02:02,67,67,2025-11-09 23:02:03.000000000,2025-11-09
30756,148660,2025-11-14,13,5201,1,2962,Pep Set,Chão,Silica,319,1,peça,1,1,5,0,5,5,15,75,2025-11-10,2025-11-12,09/11/2025 23:02:02,67,67,2025-11-09 23:02:03.000000000,2025-11-09
30757,148660,2025-11-14,13,5201,2,2218,Pep Set,Carrossel,Silica,4,1,peça,1,1,5,0,5,5,1,6,2025-11-10,2025-11-12,09/11/2025 23:02:02,67,67,2025-11-09 23:02:03.000000000,2025-11-09
30758,148660,2025-11-14,13,5201,3,2368,Pep Set,Carrossel,Silica,2,1,peça,1,1,5,0,5,5,1,6,2025-11-10,2025-11-12,09/11/2025 23:02:02,67,67,2025-11-09 23:02:03.000000000,2025-11-09
30759,148660,2025-11-14,13,5201,4,2369,Pep Set,Carrossel,Silica,1,1,peça,1,1,5,0,5,5,1,6,2025-11-10,2025-11-12,09/11/2025 23:02:02,67,67,2025-11-09 23:02:03.000000000,2025-11-09
30760,148661,2025-11-17,3,5201,1,2962,Pep Set,Chão,Silica,319,1,peça,1,1,5,0,5,5,15,75,2025-11-11,2025-11-13,09/11/2025 23:02:02,67,67,2025-11-09 23:02:03.000000000,2025-11-09
30761,148661,2025-11-17,3,5201,2,2218,Pep Set,Carrossel,Silica,4,1,peça,1,1,5,0,5,5,1,6,2025-11-11,2025-11-13,09/11/2025 23:02:02,67,67,2025-11-09 23:02:03.000000000,2025-11-09
30762,148661,2025-11-17,3,5201,3,2368,Pep Set,Carrossel,Silica,2,1,peça,1,1,5,0,5,5,1,6,2025-11-11,2025-11-13,09/11/2025 23:02:02,67,67,2025-11-09 23:02:03.000000000,2025-11-09
30763,148661,2025-11-17,3,5201,4,2369,Pep Set,Carrossel,Silica,1,1,peça,1,1,5,0,5,5,1,6,2025-11-11,2025-11-13,09/11/2025 23:02:02,67,67,2025-11-09 23:02:03.000000000,2025-11-09
30764,148662,2025-11-14,13,5202,1,2961,Pep Set,Chão,Silica,\N,1,peça,1,1,5,0,5,5,15,75,2025-11-10,2025-11-12,09/11/2025 23:02:02,67,67,2025-11-09 23:02:03.000000000,2025-11-09
30765,148662,2025-11-14,13,5202,2,2218,Pep Set,Carrossel,Silica,4,1,peça,1,1,5,0,5,5,1,6,2025-11-10,2025-11-12,09/11/2025 23:02:02,67,67,2025-11-09 23:02:03.000000000,2025-11-09
30766,148662,2025-11-14,13,5202,3,2219,Pep Set,Carrossel,Silica,2,1,peça,1,1,5,0,5,5,1,6,2025-11-10,2025-11-12,09/11/2025 23:02:02,67,67,2025-11-09 23:02:03.000000000,2025-11-09
30767,148662,2025-11-14,13,5202,4,2220,Pep Set,Carrossel,Silica,1,1,peça,1,1,5,0,5,5,1,6,2025-11-10,2025-11-12,09/11/2025 23:02:02,67,67,2025-11-09 23:02:03.000000000,2025-11-09
30768,148663,2025-11-17,3,5202,1,2961,Pep Set,Chão,Silica,\N,1,peça,1,1,5,0,5,5,15,75,2025-11-11,2025-11-13,09/11/2025 23:02:02,67,67,2025-11-09 23:02:03.000000000,2025-11-09
30769,148663,2025-11-17,3,5202,2,2218,Pep Set,Carrossel,Silica,4,1,peça,1,1,5,0,5,5,1,6,2025-11-11,2025-11-13,09/11/2025 23:02:02,67,67,2025-11-09 23:02:03.000000000,2025-11-09
30770,148663,2025-11-17,3,5202,3,2219,Pep Set,Carrossel,Silica,2,1,peça,1,1,5,0,5,5,1,6,2025-11-11,2025-11-13,09/11/2025 23:02:02,67,67,2025-11-09 23:02:03.000000000,2025-11-09
30771,148663,2025-11-17,3,5202,4,2220,Pep Set,Carrossel,Silica,1,1,peça,1,1,5,0,5,5,1,6,2025-11-11,2025-11-13,09/11/2025 23:02:02,67,67,2025-11-09 23:02:03.000000000,2025-11-09
30772,148664,2025-11-18,9,5202,1,2961,Pep Set,Chão,Silica,\N,1,peça,1,1,5,0,5,5,15,75,2025-11-12,2025-11-14,09/11/2025 23:02:02,67,67,2025-11-09 23:02:03.000000000,2025-11-09
30773,148664,2025-11-18,9,5202,2,2218,Pep Set,Carrossel,Silica,4,1,peça,1,1,5,0,5,5,1,6,2025-11-12,2025-11-14,09/11/2025 23:02:02,67,67,2025-11-09 23:02:03.000000000,2025-11-09
30774,148664,2025-11-18,9,5202,3,2219,Pep Set,Carrossel,Silica,2,1,peça,1,1,5,0,5,5,1,6,2025-11-12,2025-11-14,09/11/2025 23:02:02,67,67,2025-11-09 23:02:03.000000000,2025-11-09
30775,148664,2025-11-18,9,5202,4,2220,Pep Set,Carrossel,Silica,1,1,peça,1,1,5,0,5,5,1,6,2025-11-12,2025-11-14,09/11/2025 23:02:02,67,67,2025-11-09 23:02:03.000000000,2025-11-09
30776,148665,2025-11-18,9,5201,1,2962,Pep Set,Chão,Silica,319,1,peça,1,1,5,0,5,5,15,75,2025-11-12,2025-11-14,09/11/2025 23:02:02,67,67,2025-11-09 23:02:03.000000000,2025-11-09
30777,148665,2025-11-18,9,5201,2,2218,Pep Set,Carrossel,Silica,4,1,peça,1,1,5,0,5,5,1,6,2025-11-12,2025-11-14,09/11/2025 23:02:02,67,67,2025-11-09 23:02:03.000000000,2025-11-09
30778,148665,2025-11-18,9,5201,3,2368,Pep Set,Carrossel,Silica,2,1,peça,1,1,5,0,5,5,1,6,2025-11-12,2025-11-14,09/11/2025 23:02:02,67,67,2025-11-09 23:02:03.000000000,2025-11-09
30779,148665,2025-11-18,9,5201,4,2369,Pep Set,Carrossel,Silica,1,1,peça,1,1,5,0,5,5,1,6,2025-11-12,2025-11-14,09/11/2025 23:02:02,67,67,2025-11-09 23:02:03.000000000,2025-11-09
30780,148667,2025-11-12,7,2174,1,911,Pep Set,Chão,Silica,56,1,peça,1,1,2,0,2,2,15,30,2025-11-06,2025-11-10,09/11/2025 23:02:02,67,67,2025-11-09 23:02:03.000000000,2025-11-09
30781,148668,2025-11-12,7,2173,1,910,Pep Set,Chão,Cromita,2,1,peça,1,1,2,0,2,2,15,30,2025-11-10,2025-11-11,09/11/2025 23:02:02,67,67,2025-11-09 23:02:03.000000000,2025-11-09
30782,148712,2025-11-12,7,4813,30,2926,Pep Set,Carrossel,Silica,\N,1,Lote,1,1,2,0,1,1,1,1,2025-11-06,2025-11-10,09/11/2025 23:02:02,67,67,2025-11-09 23:02:03.000000000,2025-11-09
30783,148713,2025-11-12,7,4381,1,2351,Pep Set,Chão,Cromita,2,1,peça,1,1,24,0,24,24,15,360,2025-11-10,2025-11-11,09/11/2025 23:02:02,67,67,2025-11-09 23:02:03.000000000,2025-11-09
30784,148713,2025-11-12,7,4381,2,2352,Pep Set,Chão,Cromita,1,1,peça,1,1,24,0,24,24,15,360,2025-11-10,2025-11-11,09/11/2025 23:02:02,67,67,2025-11-09 23:02:03.000000000,2025-11-09
30785,148713,2025-11-12,7,4381,30,2926,Pep Set,Carrossel,Silica,\N,1,Lote,1,1,24,0,1,1,1,1,2025-11-06,2025-11-10,09/11/2025 23:02:02,67,67,2025-11-09 23:02:03.000000000,2025-11-09
30786,148715,2025-11-14,14,3345,1,1948,Pep Set,Vibrado,Silica,106,1,peça,1,1,6,0,6,6,28,168,2025-11-10,2025-11-12,09/11/2025 23:02:02,67,67,2025-11-09 23:02:03.000000000,2025-11-09
30787,148726,2025-11-17,13,220,1,137,Pep Set,Chão,Silica,4,1,peça,1,2,16,0,16,16,15,240,2025-11-11,2025-11-13,09/11/2025 23:02:02,67,67,2025-11-09 23:02:03.000000000,2025-11-09
30788,148731,2025-11-17,13,4587,1,347,Cold Box Gasado,Cold Box Pequena,Silica areia nova,1,2,peça,1,2,12,0,24,24,3,60,2025-11-11,2025-11-13,09/11/2025 23:02:02,67,67,2025-11-09 23:02:03.000000000,2025-11-09
30789,148731,2025-11-17,13,4587,2,348,Cold Box Gasado,Cold Box Pequena,Silica areia nova,0,2,peça,4,2,12,0,24,6,3,15,2025-11-11,2025-11-13,09/11/2025 23:02:02,67,67,2025-11-09 23:02:03.000000000,2025-11-09
30790,148731,2025-11-17,13,4587,27,2923,Cold Box Gasado,Cold Box Pequena,Silica,8,0,peça,2,1,12,0,2,1,3,3,2025-11-11,2025-11-13,09/11/2025 23:02:02,67,67,2025-11-09 23:02:03.000000000,2025-11-09
30791,148732,2025-11-18,13,283,1,189,Pep Set,Chão,Silica areia nova,80,1,peça,1,1,4,0,4,4,15,60,2025-11-12,2025-11-14,09/11/2025 23:02:02,67,67,2025-11-09 23:02:03.000000000,2025-11-09