OP,caixa,_kf_macho,maquina,fim,not_before_date,Deadline,config,tempo_processamento,inicio,status_integration_id,obs
145271,1.0,2919.0,pepset_carrossel,2025-10-01 08:40:00,2025-10-01,2025-10-01,0,160,2025-10-01 06:00:00,15,
145564,1.0,2699.0,pepset_carrossel,2025-10-01 05:20:00,2025-10-01,2025-10-01,0,40,2025-10-01 04:40:00,15,
145566,1.0,2701.0,pepset_carrossel,2025-10-01 06:00:00,2025-10-01,2025-10-01,0,40,2025-10-01 05:20:00,15,
145800,1.0,2562.0,pepset_carrossel,2025-10-02 07:40:00,2025-10-02,2025-10-02,0,80,2025-10-02 06:20:00,15,
145800,2.0,2563.0,pepset_carrossel,2025-10-02 06:00:00,2025-10-02,2025-10-02,0,80,2025-10-02 04:40:00,15,
145800,3.0,2564.0,pepset_carrossel,2025-10-02 14:55:00,2025-10-02,2025-10-02,0,80,2025-10-02 13:35:00,15,
145800,5.0,2566.0,pepset_carrossel,2025-10-02 09:00:00,2025-10-02,2025-10-02,0,80,2025-10-02 07:40:00,15,
145800,6.0,2567.0,pepset_carrossel,2025-10-02 09:00:00,2025-10-02,2025-10-02,0,80,2025-10-02 07:40:00,15,
145800,7.0,2568.0,pepset_carrossel,2025-10-02 06:40:00,2025-10-02,2025-10-02,0,80,2025-10-02 05:20:00,15,
146136,30.0,2926.0,pepset_carrossel,2025-09-30 04:10:00,2025-09-30,2025-09-30,0,10,2025-09-30 04:00:00,15,
146245,1.0,90.0,pepset_carrossel,2025-09-30 05:20:00,2025-09-30,2025-09-30,0,50,2025-09-30 04:30:00,15,
146246,1.0,90.0,pepset_carrossel,2025-09-30 09:00:00,2025-09-30,2025-09-30,0,200,2025-09-30 05:40:00,15,
146258,1.0,90.0,pepset_carrossel,2025-10-01 14:25:00,2025-10-01,2025-10-01,0,210,2025-10-01 10:55:00,15,
146258,2.0,91.0,pepset_carrossel,2025-10-01 10:55:00,2025-10-01,2025-10-01,0,235,2025-10-01 07:00:00,15,
146258,3.0,92.0,pepset_carrossel,2025-10-01 12:25:00,2025-10-01,2025-10-01,0,225,2025-10-01 08:40:00,15,
146258,4.0,93.0,pepset_carrossel,2025-10-01 15:55:00,2025-10-01,2025-10-01,0,210,2025-10-01 12:25:00,15,
146259,1.0,90.0,pepset_carrossel,2025-10-02 10:45:00,2025-10-02,2025-10-02,0,245,2025-10-02 06:40:00,15,
146259,2.0,91.0,pepset_carrossel,2025-10-02 13:05:00,2025-10-02,2025-10-02,0,200,2025-10-02 09:45:00,15,
146259,3.0,92.0,pepset_carrossel,2025-10-02 16:55:00,2025-10-02,2025-10-02,0,200,2025-10-02 13:35:00,15,
146259,4.0,93.0,pepset_carrossel,2025-10-02 07:20:00,2025-10-02,2025-10-02,0,200,2025-10-02 04:00:00,15,
146260,1.0,90.0,pepset_carrossel,2025-10-03 15:05:00,2025-10-03,2025-10-03,0,210,2025-10-03 11:35:00,15,
146260,2.0,91.0,pepset_carrossel,2025-10-03 16:55:00,2025-10-03,2025-10-03,0,200,2025-10-03 13:35:00,15,
146260,3.0,92.0,pepset_carrossel,2025-10-03 14:55:00,2025-10-03,2025-10-03,0,210,2025-10-03 11:25:00,15,
146260,4.0,93.0,pepset_carrossel,2025-10-03 11:25:00,2025-10-03,2025-10-03,0,245,2025-10-03 07:20:00,15,
146292,1.0,87.0,pepset_carrossel,2025-10-02 17:35:00,2025-10-02,2025-10-02,0,200,2025-10-02 14:15:00,15,
146292,2.0,88.0,pepset_carrossel,2025-10-02 12:05:00,2025-10-02,2025-10-02,0,245,2025-10-02 08:00:00,15,
146292,3.0,89.0,pepset_carrossel,2025-10-02 13:35:00,2025-10-02,2025-10-02,0,210,2025-10-02 10:05:00,15,
146292,4.0,94.0,pepset_carrossel,2025-10-02 21:00:00,2025-10-02,2025-10-02,0,245,2025-10-02 16:55:00,15,
146293,1.0,87.0,pepset_carrossel,2025-10-03 21:00:00,2025-10-03,2025-10-03,0,245,2025-10-03 16:55:00,15,
146293,2.0,88.0,pepset_carrossel,2025-10-03 10:05:00,2025-10-03,2025-10-03,0,245,2025-10-03 06:00:00,15,
146293,3.0,89.0,pepset_carrossel,2025-10-03 19:00:00,2025-10-03,2025-10-03,0,245,2025-10-03 14:55:00,15,
146293,4.0,94.0,pepset_carrossel,2025-10-03 13:35:00,2025-10-03,2025-10-03,0,210,2025-10-03 10:05:00,15,
146380,2.0,114.0,pepset_carrossel,2025-10-01 07:00:00,2025-10-01,2025-10-01,0,40,2025-10-01 06:20:00,15,
146381,2.0,114.0,pepset_carrossel,2025-10-01 06:20:00,2025-10-01,2025-10-01,0,40,2025-10-01 05:40:00,15,
146382,2.0,114.0,pepset_carrossel,2025-10-02 15:35:00,2025-10-02,2025-10-02,0,40,2025-10-02 14:55:00,15,
146383,2.0,114.0,pepset_carrossel,2025-10-02 11:45:00,2025-10-02,2025-10-02,0,40,2025-10-02 11:05:00,15,
146384,2.0,114.0,pepset_carrossel,2025-10-03 15:45:00,2025-10-03,2025-10-03,0,40,2025-10-03 15:05:00,15,
146385,2.0,114.0,pepset_carrossel,2025-10-03 16:25:00,2025-10-03,2025-10-03,0,40,2025-10-03 15:45:00,15,
146418,2.0,114.0,pepset_carrossel,2025-10-01 05:40:00,2025-10-01,2025-10-01,0,40,2025-10-01 05:00:00,15,
146419,2.0,114.0,pepset_carrossel,2025-10-01 05:00:00,2025-10-01,2025-10-01,0,40,2025-10-01 04:20:00,15,
146420,2.0,114.0,pepset_carrossel,2025-10-02 12:25:00,2025-10-02,2025-10-02,0,40,2025-10-02 11:45:00,15,
146421,2.0,114.0,pepset_carrossel,2025-10-02 14:55:00,2025-10-02,2025-10-02,0,40,2025-10-02 14:15:00,15,
146422,2.0,114.0,pepset_carrossel,2025-10-03 11:35:00,2025-10-03,2025-10-03,0,40,2025-10-03 10:55:00,15,
146423,2.0,114.0,pepset_carrossel,2025-10-03 04:50:00,2025-10-03,2025-10-03,0,40,2025-10-03 04:10:00,15,
146441,1.0,87.0,pepset_carrossel,2025-10-02 14:15:00,2025-10-02,2025-10-02,0,210,2025-10-02 10:45:00,15,
146441,2.0,88.0,pepset_carrossel,2025-10-02 19:00:00,2025-10-02,2025-10-02,0,245,2025-10-02 14:55:00,15,
146441,3.0,89.0,pepset_carrossel,2025-10-02 16:55:00,2025-10-02,2025-10-02,0,200,2025-10-02 13:35:00,15,
146441,4.0,94.0,pepset_carrossel,2025-10-02 10:05:00,2025-10-02,2025-10-02,0,245,2025-10-02 06:00:00,15,
146468,6.0,2695.0,pepset_carrossel,2025-10-02 13:35:00,2025-10-02,2025-10-02,0,90,2025-10-02 12:05:00,15,
146468,7.0,2696.0,pepset_carrossel,2025-10-02 05:20:00,2025-10-02,2025-10-02,0,80,2025-10-02 04:00:00,15,
146468,8.0,2697.0,pepset_carrossel,2025-10-02 06:20:00,2025-10-02,2025-10-02,0,80,2025-10-02 05:00:00,15,
146468,9.0,2698.0,pepset_carrossel,2025-10-02 16:55:00,2025-10-02,2025-10-02,0,80,2025-10-02 15:35:00,15,
146469,6.0,2695.0,pepset_carrossel,2025-10-02 08:00:00,2025-10-02,2025-10-02,0,80,2025-10-02 06:40:00,15,
146469,7.0,2696.0,pepset_carrossel,2025-10-02 06:40:00,2025-10-02,2025-10-02,0,80,2025-10-02 05:20:00,15,
146469,8.0,2697.0,pepset_carrossel,2025-10-02 14:15:00,2025-10-02,2025-10-02,0,90,2025-10-02 12:45:00,15,
146469,9.0,2698.0,pepset_carrossel,2025-10-02 11:05:00,2025-10-02,2025-10-02,0,80,2025-10-02 09:45:00,15,
146470,6.0,2695.0,pepset_carrossel,2025-10-03 06:10:00,2025-10-03,2025-10-03,0,80,2025-10-03 04:50:00,15,
146470,7.0,2696.0,pepset_carrossel,2025-10-03 10:55:00,2025-10-03,2025-10-03,0,125,2025-10-03 08:50:00,15,
146470,8.0,2697.0,pepset_carrossel,2025-10-03 19:50:00,2025-10-03,2025-10-03,0,125,2025-10-03 17:45:00,15,
146470,9.0,2698.0,pepset_carrossel,2025-10-03 07:00:00,2025-10-03,2025-10-03,0,80,2025-10-03 05:40:00,15,
146471,6.0,2695.0,pepset_carrossel,2025-10-03 17:45:00,2025-10-03,2025-10-03,0,80,2025-10-03 16:25:00,15,
146471,7.0,2696.0,pepset_carrossel,2025-10-03 07:30:00,2025-10-03,2025-10-03,0,80,2025-10-03 06:10:00,15,
146471,8.0,2697.0,pepset_carrossel,2025-10-03 08:50:00,2025-10-03,2025-10-03,0,80,2025-10-03 07:30:00,15,
146471,9.0,2698.0,pepset_carrossel,2025-10-03 05:20:00,2025-10-03,2025-10-03,0,80,2025-10-03 04:00:00,15,
146506,30.0,2926.0,pepset_carrossel,2025-09-30 04:30:00,2025-09-30,2025-09-30,0,10,2025-09-30 04:20:00,15,
146507,30.0,2926.0,pepset_carrossel,2025-10-01 04:10:00,2025-10-01,2025-10-01,0,10,2025-10-01 04:00:00,15,
146669,29.0,2925.0,pepset_carrossel,2025-10-03 05:30:00,2025-10-03,2025-10-03,0,10,2025-10-03 05:20:00,15,
146689,1.0,2774.0,pepset_carrossel,2025-10-01 04:20:00,2025-10-01,2025-10-01,0,20,2025-10-01 04:00:00,15,
146690,1.0,2775.0,pepset_carrossel,2025-10-01 04:40:00,2025-10-01,2025-10-01,0,20,2025-10-01 04:20:00,15,
146730,30.0,2926.0,pepset_carrossel,2025-09-30 05:40:00,2025-09-30,2025-09-30,0,10,2025-09-30 05:30:00,15,
146779,30.0,2926.0,pepset_carrossel,2025-09-30 05:30:00,2025-09-30,2025-09-30,0,10,2025-09-30 05:20:00,15,
146943,29.0,2925.0,pepset_carrossel,2025-10-03 05:40:00,2025-10-03,2025-10-03,0,10,2025-10-03 05:30:00,15,
146970,30.0,2926.0,pepset_carrossel,2025-10-01 04:20:00,2025-10-01,2025-10-01,0,10,2025-10-01 04:10:00,15,
146971,29.0,2925.0,pepset_carrossel,2025-10-03 07:10:00,2025-10-03,2025-10-03,0,10,2025-10-03 07:00:00,15,
147201,30.0,2926.0,pepset_carrossel,2025-09-30 04:20:00,2025-09-30,2025-09-30,0,10,2025-09-30 04:10:00,15,
147266,1.0,2562.0,pepset_carrossel,2025-10-02 05:00:00,2025-10-02,2025-10-02,0,20,2025-10-02 04:40:00,15,
147266,2.0,2563.0,pepset_carrossel,2025-10-02 04:40:00,2025-10-02,2025-10-02,0,20,2025-10-02 04:20:00,15,
147266,3.0,2564.0,pepset_carrossel,2025-10-02 05:00:00,2025-10-02,2025-10-02,0,20,2025-10-02 04:40:00,15,
147266,5.0,2566.0,pepset_carrossel,2025-10-02 04:20:00,2025-10-02,2025-10-02,0,20,2025-10-02 04:00:00,15,
147266,6.0,2567.0,pepset_carrossel,2025-10-02 07:40:00,2025-10-02,2025-10-02,0,20,2025-10-02 07:20:00,15,
147266,7.0,2568.0,pepset_carrossel,2025-10-02 05:20:00,2025-10-02,2025-10-02,0,20,2025-10-02 05:00:00,15,
147267,1.0,2562.0,pepset_carrossel,2025-10-02 04:40:00,2025-10-02,2025-10-02,0,20,2025-10-02 04:20:00,15,
147267,2.0,2563.0,pepset_carrossel,2025-10-02 04:20:00,2025-10-02,2025-10-02,0,20,2025-10-02 04:00:00,15,
147267,3.0,2564.0,pepset_carrossel,2025-10-02 04:40:00,2025-10-02,2025-10-02,0,20,2025-10-02 04:20:00,15,
147267,5.0,2566.0,pepset_carrossel,2025-10-02 12:45:00,2025-10-02,2025-10-02,0,20,2025-10-02 12:25:00,15,
147267,6.0,2567.0,pepset_carrossel,2025-10-02 13:35:00,2025-10-02,2025-10-02,0,30,2025-10-02 13:05:00,15,
147267,7.0,2568.0,pepset_carrossel,2025-10-02 04:20:00,2025-10-02,2025-10-02,0,20,2025-10-02 04:00:00,15,
147296,29.0,2925.0,pepset_carrossel,2025-10-03 07:20:00,2025-10-03,2025-10-03,0,10,2025-10-03 07:10:00,15,
147319,1.0,1301.0,pepset_carrossel,2025-10-03 06:00:00,2025-10-03,2025-10-03,0,120,2025-10-03 04:00:00,15,
147319,30.0,2926.0,pepset_carrossel,2025-10-03 04:10:00,2025-10-03,2025-10-03,0,10,2025-10-03 04:00:00,15,
145564,2.0,2867.0,pepset_chao,2025-10-01 07:15:00,2025-10-01,2025-10-01,0,105,2025-10-01 05:30:00,15,
145566,2.0,2868.0,pepset_chao,2025-10-01 09:00:00,2025-10-01,2025-10-01,0,105,2025-10-01 07:15:00,15,
145949,1.0,2729.0,pepset_chao,2025-09-30 05:00:00,2025-09-30,2025-09-30,0,30,2025-09-30 04:30:00,15,
146527,1.0,116.0,pepset_chao,2025-10-01 14:55:00,2025-10-01,2025-10-01,0,310,2025-10-01 09:45:00,15,
146528,1.0,116.0,pepset_chao,2025-10-02 09:00:00,2025-10-02,2025-10-02,0,300,2025-10-02 04:00:00,15,
146669,1.0,190.0,pepset_chao,2025-10-03 16:55:00,2025-10-03,2025-10-03,0,75,2025-10-03 15:40:00,15,
146914,1.0,2875.0,pepset_chao,2025-10-01 05:30:00,2025-10-01,2025-10-02,0,90,2025-10-01 04:00:00,15,
146971,1.0,1328.0,pepset_chao,2025-10-03 06:00:00,2025-10-03,2025-10-03,0,30,2025-10-03 05:30:00,15,
146971,2.0,1329.0,pepset_chao,2025-10-03 05:00:00,2025-10-03,2025-10-03,0,30,2025-10-03 04:30:00,15,
146971,3.0,1330.0,pepset_chao,2025-10-03 04:30:00,2025-10-03,2025-10-03,0,30,2025-10-03 04:00:00,15,
147186,1.0,922.0,pepset_chao,2025-09-30 04:30:00,2025-09-30,2025-09-30,0,30,2025-09-30 04:00:00,15,
147296,1.0,1328.0,pepset_chao,2025-10-03 13:55:00,2025-10-03,2025-10-03,0,40,2025-10-03 13:15:00,15,
147296,2.0,1329.0,pepset_chao,2025-10-03 12:15:00,2025-10-03,2025-10-03,0,30,2025-10-03 11:45:00,15,
147296,3.0,1330.0,pepset_chao,2025-10-03 19:00:00,2025-10-03,2025-10-03,0,75,2025-10-03 17:45:00,15,
147332,1.0,911.0,pepset_chao,2025-10-03 05:30:00,2025-10-03,2025-10-03,0,30,2025-10-03 05:00:00,15,
145799,4.0,2565.0,pepset_vibrado,2025-09-30 04:30:00,2025-09-30,2025-09-30,0,30,2025-09-30 04:00:00,15,
145800,4.0,2565.0,pepset_vibrado,2025-10-02 06:25:00,2025-10-02,2025-10-02,0,115,2025-10-02 04:30:00,15,
146467,5.0,2694.0,pepset_vibrado,2025-09-30 08:25:00,2025-09-30,2025-09-30,0,225,2025-09-30 04:40:00,15,
146468,5.0,2694.0,pepset_vibrado,2025-10-02 15:50:00,2025-10-02,2025-10-02,0,235,2025-10-02 11:55:00,15,
146469,5.0,2694.0,pepset_vibrado,2025-10-02 11:05:00,2025-10-02,2025-10-02,0,270,2025-10-02 06:35:00,15,
146470,5.0,2694.0,pepset_vibrado,2025-10-03 12:15:00,2025-10-03,2025-10-03,0,270,2025-10-03 07:45:00,15,
146471,5.0,2694.0,pepset_vibrado,2025-10-03 07:45:00,2025-10-03,2025-10-03,0,225,2025-10-03 04:00:00,15,
147266,4.0,2565.0,pepset_vibrado,2025-10-02 04:30:00,2025-10-02,2025-10-02,0,30,2025-10-02 04:00:00,15,
147267,4.0,2565.0,pepset_vibrado,2025-10-02 11:45:00,2025-10-02,2025-10-02,0,30,2025-10-02 11:15:00,15,
146281,25.0,2921.0,coldboxgasado_coldboxpequena,2025-10-01 04:10:00,2025-10-01,2025-10-01,0,10,2025-10-01 04:00:00,15,
146348,23.0,2907.0,coldboxgasado_coldboxpequena,2025-09-30 05:10:00,2025-09-30,2025-09-30,0,30,2025-09-30 04:40:00,15,
146349,23.0,2907.0,coldboxgasado_coldboxpequena,2025-10-01 06:50:00,2025-10-01,2025-10-01,0,30,2025-10-01 06:20:00,15,
146350,23.0,2907.0,coldboxgasado_coldboxpequena,2025-10-02 06:40:00,2025-10-02,2025-10-02,0,30,2025-10-02 06:10:00,15,
146379,3.0,115.0,coldboxgasado_coldboxpequena,2025-09-30 04:20:00,2025-09-30,2025-09-30,0,20,2025-09-30 04:00:00,15,
146380,3.0,115.0,coldboxgasado_coldboxpequena,2025-10-01 05:50:00,2025-10-01,2025-10-01,0,25,2025-10-01 05:25:00,15,
146381,3.0,115.0,coldboxgasado_coldboxpequena,2025-10-01 05:00:00,2025-10-01,2025-10-01,0,25,2025-10-01 04:35:00,15,
146382,3.0,115.0,coldboxgasado_coldboxpequena,2025-10-02 05:45:00,2025-10-02,2025-10-02,0,25,2025-10-02 05:20:00,15,
146383,3.0,115.0,coldboxgasado_coldboxpequena,2025-10-02 04:55:00,2025-10-02,2025-10-02,0,25,2025-10-02 04:30:00,15,
146384,3.0,115.0,coldboxgasado_coldboxpequena,2025-10-03 22:55:00,2025-10-03,2025-10-03,0,25,2025-10-03 22:30:00,15,
146385,3.0,115.0,coldboxgasado_coldboxpequena,2025-10-03 16:55:00,2025-10-03,2025-10-03,0,25,2025-10-03 16:30:00,15,
146417,3.0,98.0,coldboxgasado_coldboxpequena,2025-09-30 04:40:00,2025-09-30,2025-09-30,0,20,2025-09-30 04:20:00,15,
146418,3.0,98.0,coldboxgasado_coldboxpequena,2025-10-01 04:35:00,2025-10-01,2025-10-01,0,25,2025-10-01 04:10:00,15,
146419,3.0,98.0,coldboxgasado_coldboxpequena,2025-10-01 05:25:00,2025-10-01,2025-10-01,0,25,2025-10-01 05:00:00,15,
146420,3.0,98.0,coldboxgasado_coldboxpequena,2025-10-02 04:30:00,2025-10-02,2025-10-02,0,25,2025-10-02 04:05:00,15,
146421,3.0,98.0,coldboxgasado_coldboxpequena,2025-10-02 06:10:00,2025-10-02,2025-10-02,0,25,2025-10-02 05:45:00,15,
146422,3.0,98.0,coldboxgasado_coldboxpequena,2025-10-03 06:35:00,2025-10-03,2025-10-03,0,25,2025-10-03 06:10:00,15,
146423,3.0,98.0,coldboxgasado_coldboxpequena,2025-10-03 19:05:00,2025-10-03,2025-10-03,0,70,2025-10-03 17:55:00,15,
146643,21.0,2905.0,coldboxgasado_coldboxpequena,2025-10-03 19:45:00,2025-10-03,2025-10-03,0,25,2025-10-03 19:20:00,15,
146723,1.0,982.0,coldboxgasado_coldboxpequena,2025-10-03 15:30:00,2025-10-03,2025-10-03,0,110,2025-10-03 13:40:00,15,
146779,1.0,2301.0,coldboxgasado_coldboxpequena,2025-09-30 08:35:00,2025-09-30,2025-09-30,0,205,2025-09-30 05:10:00,15,
146879,1.0,1479.0,coldboxgasado_coldboxpequena,2025-10-01 07:35:00,2025-10-01,2025-10-01,0,45,2025-10-01 06:50:00,15,
146943,1.0,679.0,coldboxgasado_coldboxpequena,2025-10-03 08:55:00,2025-10-03,2025-10-03,0,30,2025-10-03 08:25:00,15,
146973,1.0,347.0,coldboxgasado_coldboxpequena,2025-10-01 10:10:00,2025-10-01,2025-10-01,0,155,2025-10-01 07:35:00,15,
146973,2.0,348.0,coldboxgasado_coldboxpequena,2025-10-01 06:20:00,2025-10-01,2025-10-01,0,30,2025-10-01 05:50:00,15,
147247,1.0,2776.0,coldboxgasado_coldboxpequena,2025-10-03 06:10:00,2025-10-03,2025-10-03,0,130,2025-10-03 04:00:00,15,
147247,21.0,2905.0,coldboxgasado_coldboxpequena,2025-10-03 11:40:00,2025-10-03,2025-10-03,0,15,2025-10-03 11:25:00,15,
147255,24.0,2908.0,coldboxgasado_coldboxpequena,2025-10-02 04:05:00,2025-10-02,2025-10-02,0,5,2025-10-02 04:00:00,15,
147288,23.0,2907.0,coldboxgasado_coldboxpequena,2025-10-03 21:10:00,2025-10-03,2025-10-03,0,30,2025-10-03 20:40:00,15,
147295,23.0,2907.0,coldboxgasado_coldboxpequena,2025-10-02 05:20:00,2025-10-02,2025-10-02,0,25,2025-10-02 04:55:00,15,
147333,1.0,2504.0,coldboxgasado_coldboxpequena,2025-10-03 22:30:00,2025-10-03,2025-10-03,0,15,2025-10-03 22:15:00,15,
146375,1.0,113.0,coldboxgasado_coldbox4,2025-09-30 14:20:00,2025-09-30,2025-09-30,0,25,2025-09-30 13:55:00,15,
146378,1.0,113.0,coldboxgasado_coldbox4,2025-09-30 13:55:00,2025-09-30,2025-09-30,0,25,2025-09-30 13:30:00,15,
146379,1.0,113.0,coldboxgasado_coldbox4,2025-09-30 14:45:00,2025-09-30,2025-09-30,0,25,2025-09-30 14:20:00,15,
146380,1.0,113.0,coldboxgasado_coldbox4,2025-10-01 15:10:00,2025-10-01,2025-10-01,0,25,2025-10-01 14:45:00,15,
146381,1.0,113.0,coldboxgasado_coldbox4,2025-10-01 14:20:00,2025-10-01,2025-10-01,0,25,2025-10-01 13:55:00,15,
146382,1.0,113.0,coldboxgasado_coldbox4,2025-10-02 13:55:00,2025-10-02,2025-10-02,0,25,2025-10-02 13:30:00,15,
146383,1.0,113.0,coldboxgasado_coldbox4,2025-10-02 14:45:00,2025-10-02,2025-10-02,0,25,2025-10-02 14:20:00,15,
146384,1.0,113.0,coldboxgasado_coldbox4,2025-10-03 15:10:00,2025-10-03,2025-10-03,0,25,2025-10-03 14:45:00,15,
146385,1.0,113.0,coldboxgasado_coldbox4,2025-10-03 13:55:00,2025-10-03,2025-10-03,0,25,2025-10-03 13:30:00,15,
146413,1.0,113.0,coldboxgasado_coldbox4,2025-09-30 16:50:00,2025-09-30,2025-09-30,0,25,2025-09-30 16:25:00,15,
146416,1.0,113.0,coldboxgasado_coldbox4,2025-09-30 17:35:00,2025-09-30,2025-09-30,0,20,2025-09-30 17:15:00,15,
146417,1.0,113.0,coldboxgasado_coldbox4,2025-09-30 17:15:00,2025-09-30,2025-09-30,0,25,2025-09-30 16:50:00,15,
146418,1.0,113.0,coldboxgasado_coldbox4,2025-10-01 14:45:00,2025-10-01,2025-10-01,0,25,2025-10-01 14:20:00,15,
146419,1.0,113.0,coldboxgasado_coldbox4,2025-10-01 13:55:00,2025-10-01,2025-10-01,0,25,2025-10-01 13:30:00,15,
146420,1.0,113.0,coldboxgasado_coldbox4,2025-10-02 15:10:00,2025-10-02,2025-10-02,0,25,2025-10-02 14:45:00,15,
146421,1.0,113.0,coldboxgasado_coldbox4,2025-10-02 14:20:00,2025-10-02,2025-10-02,0,25,2025-10-02 13:55:00,15,
146422,1.0,113.0,coldboxgasado_coldbox4,2025-10-03 14:45:00,2025-10-03,2025-10-03,0,25,2025-10-03 14:20:00,15,
146423,1.0,113.0,coldboxgasado_coldbox4,2025-10-03 14:20:00,2025-10-03,2025-10-03,0,25,2025-10-03 13:55:00,15,
146467,1.0,2690.0,coldboxgasado_coldbox4,2025-09-30 16:25:00,2025-09-30,2025-09-30,0,50,2025-09-30 15:35:00,15,
146467,2.0,2691.0,coldboxgasado_coldbox4,2025-09-30 15:35:00,2025-09-30,2025-09-30,0,50,2025-09-30 14:45:00,15,
146468,1.0,2690.0,coldboxgasado_coldbox4,2025-10-02 17:40:00,2025-10-02,2025-10-02,0,50,2025-10-02 16:50:00,15,
146468,2.0,2691.0,coldboxgasado_coldbox4,2025-10-02 16:00:00,2025-10-02,2025-10-02,0,50,2025-10-02 15:10:00,15,
146469,1.0,2690.0,coldboxgasado_coldbox4,2025-10-02 16:50:00,2025-10-02,2025-10-02,0,50,2025-10-02 16:00:00,15,
146469,2.0,2691.0,coldboxgasado_coldbox4,2025-10-02 19:15:00,2025-10-02,2025-10-02,0,95,2025-10-02 17:40:00,15,
146470,1.0,2690.0,coldboxgasado_coldbox4,2025-10-03 17:40:00,2025-10-03,2025-10-03,0,50,2025-10-03 16:50:00,15,
146470,2.0,2691.0,coldboxgasado_coldbox4,2025-10-03 16:50:00,2025-10-03,2025-10-03,0,50,2025-10-03 16:00:00,15,
146471,1.0,2690.0,coldboxgasado_coldbox4,2025-10-03 16:00:00,2025-10-03,2025-10-03,0,50,2025-10-03 15:10:00,15,
146471,2.0,2691.0,coldboxgasado_coldbox4,2025-10-03 19:15:00,2025-10-03,2025-10-03,0,95,2025-10-03 17:40:00,15,
146243,3.0,2514.0,coldboxsoprado_sopradora,2025-09-30 04:00:00,2025-09-30,2025-10-01,B,0,2025-09-30 04:00:00,15,
146136,1.0,2578.0,coldboxsoprado_sopradora,2025-09-30 04:50:00,2025-09-30,2025-10-01,B,40,2025-09-30 04:10:00,15,
146506,1.0,1755.0,coldboxsoprado_sopradora,2025-09-30 06:12:00,2025-09-30,2025-10-01,B,82,2025-09-30 04:50:00,15,
146373,4.0,386.0,coldboxsoprado_sopradora,2025-09-30 06:44:00,2025-09-30,2025-10-01,A,2,2025-09-30 06:42:00,15,
146374,4.0,386.0,coldboxsoprado_sopradora,2025-09-30 06:46:00,2025-09-30,2025-10-01,A,2,2025-09-30 06:44:00,15,
146375,4.0,386.0,coldboxsoprado_sopradora,2025-09-30 06:48:00,2025-09-30,2025-10-01,A,2,2025-09-30 06:46:00,15,
146376,4.0,386.0,coldboxsoprado_sopradora,2025-09-30 06:50:00,2025-09-30,2025-10-01,A,2,2025-09-30 06:48:00,15,
146411,4.0,385.0,coldboxsoprado_sopradora,2025-09-30 06:52:00,2025-09-30,2025-10-01,A,2,2025-09-30 06:50:00,15,
146412,4.0,385.0,coldboxsoprado_sopradora,2025-09-30 06:54:00,2025-09-30,2025-10-01,A,2,2025-09-30 06:52:00,15,
146413,4.0,385.0,coldboxsoprado_sopradora,2025-09-30 06:56:00,2025-09-30,2025-10-01,A,2,2025-09-30 06:54:00,15,
146414,4.0,385.0,coldboxsoprado_sopradora,2025-09-30 06:58:00,2025-09-30,2025-10-01,A,2,2025-09-30 06:56:00,15,
146373,20.0,2629.0,coldboxsoprado_sopradora,2025-09-30 07:10:00,2025-09-30,2025-10-01,A,2,2025-09-30 07:08:00,15,
146374,20.0,2629.0,coldboxsoprado_sopradora,2025-09-30 07:12:00,2025-09-30,2025-10-01,A,2,2025-09-30 07:10:00,15,
146375,20.0,2629.0,coldboxsoprado_sopradora,2025-09-30 07:14:00,2025-09-30,2025-10-01,A,2,2025-09-30 07:12:00,15,
146376,20.0,2629.0,coldboxsoprado_sopradora,2025-09-30 07:16:00,2025-09-30,2025-10-01,A,2,2025-09-30 07:14:00,15,
146411,20.0,2629.0,coldboxsoprado_sopradora,2025-09-30 07:18:00,2025-09-30,2025-10-01,A,2,2025-09-30 07:16:00,15,
146412,20.0,2629.0,coldboxsoprado_sopradora,2025-09-30 07:20:00,2025-09-30,2025-10-01,A,2,2025-09-30 07:18:00,15,
146413,20.0,2629.0,coldboxsoprado_sopradora,2025-09-30 07:22:00,2025-09-30,2025-10-01,A,2,2025-09-30 07:20:00,15,
146414,20.0,2629.0,coldboxsoprado_sopradora,2025-09-30 07:24:00,2025-09-30,2025-10-01,A,2,2025-09-30 07:22:00,15,
146462,20.0,2629.0,coldboxsoprado_sopradora,2025-09-30 07:28:00,2025-09-30,2025-10-01,A,4,2025-09-30 07:24:00,15,
146463,20.0,2629.0,coldboxsoprado_sopradora,2025-09-30 07:32:00,2025-09-30,2025-10-01,A,4,2025-09-30 07:28:00,15,
146464,20.0,2629.0,coldboxsoprado_sopradora,2025-09-30 07:36:00,2025-09-30,2025-10-01,A,4,2025-09-30 07:32:00,15,
145799,20.0,2629.0,coldboxsoprado_sopradora,2025-09-30 07:42:00,2025-09-30,2025-10-01,A,6,2025-09-30 07:36:00,15,
145269,20.0,2629.0,coldboxsoprado_sopradora,2025-09-30 07:50:00,2025-09-30,2025-10-01,A,8,2025-09-30 07:42:00,15,
146056,20.0,2629.0,coldboxsoprado_sopradora,2025-09-30 07:58:00,2025-09-30,2025-10-01,A,8,2025-09-30 07:50:00,15,
146057,20.0,2629.0,coldboxsoprado_sopradora,2025-09-30 08:08:00,2025-09-30,2025-10-01,A,10,2025-09-30 07:58:00,15,
146136,20.0,2629.0,coldboxsoprado_sopradora,2025-09-30 08:18:00,2025-09-30,2025-10-01,A,10,2025-09-30 08:08:00,15,
146056,7.0,841.0,coldboxsoprado_sopradora,2025-09-30 08:32:00,2025-09-30,2025-10-01,A,4,2025-09-30 08:28:00,15,
146243,2.0,117.0,coldboxsoprado_sopradora,2025-09-30 08:52:00,2025-09-30,2025-10-01,A,20,2025-09-30 08:32:00,15,
146377,4.0,386.0,coldboxsoprado_sopradora,2025-09-30 08:54:00,2025-09-30,2025-10-01,A,2,2025-09-30 08:52:00,15,
146378,4.0,386.0,coldboxsoprado_sopradora,2025-09-30 08:56:00,2025-09-30,2025-10-01,A,2,2025-09-30 08:54:00,15,
146379,4.0,386.0,coldboxsoprado_sopradora,2025-09-30 08:58:00,2025-09-30,2025-10-01,A,2,2025-09-30 08:56:00,15,
146415,4.0,385.0,coldboxsoprado_sopradora,2025-09-30 09:00:00,2025-09-30,2025-10-01,A,2,2025-09-30 08:58:00,15,
146416,4.0,385.0,coldboxsoprado_sopradora,2025-09-30 09:47:00,2025-09-30,2025-10-01,A,2,2025-09-30 09:45:00,15,
146417,4.0,385.0,coldboxsoprado_sopradora,2025-09-30 09:49:00,2025-09-30,2025-10-01,A,2,2025-09-30 09:47:00,15,
146377,20.0,2629.0,coldboxsoprado_sopradora,2025-09-30 10:01:00,2025-09-30,2025-10-01,A,2,2025-09-30 09:59:00,15,
146378,20.0,2629.0,coldboxsoprado_sopradora,2025-09-30 10:03:00,2025-09-30,2025-10-01,A,2,2025-09-30 10:01:00,15,
146379,20.0,2629.0,coldboxsoprado_sopradora,2025-09-30 10:05:00,2025-09-30,2025-10-01,A,2,2025-09-30 10:03:00,15,
146415,20.0,2629.0,coldboxsoprado_sopradora,2025-09-30 10:07:00,2025-09-30,2025-10-01,A,2,2025-09-30 10:05:00,15,
146416,20.0,2629.0,coldboxsoprado_sopradora,2025-09-30 10:09:00,2025-09-30,2025-10-01,A,2,2025-09-30 10:07:00,15,
146417,20.0,2629.0,coldboxsoprado_sopradora,2025-09-30 10:11:00,2025-09-30,2025-10-01,A,2,2025-09-30 10:09:00,15,
146465,20.0,2629.0,coldboxsoprado_sopradora,2025-09-30 10:15:00,2025-09-30,2025-10-01,A,4,2025-09-30 10:11:00,15,
146466,20.0,2629.0,coldboxsoprado_sopradora,2025-09-30 10:19:00,2025-09-30,2025-10-01,A,4,2025-09-30 10:15:00,15,
146467,20.0,2629.0,coldboxsoprado_sopradora,2025-09-30 10:23:00,2025-09-30,2025-10-01,A,4,2025-09-30 10:19:00,15,
145270,20.0,2629.0,coldboxsoprado_sopradora,2025-09-30 10:31:00,2025-09-30,2025-10-01,A,8,2025-09-30 10:23:00,15,
145775,6.0,840.0,coldboxsoprado_sopradora,2025-09-30 10:44:00,2025-09-30,2025-10-01,A,3,2025-09-30 10:41:00,15,
145775,7.0,834.0,coldboxsoprado_sopradora,2025-09-30 10:57:00,2025-09-30,2025-10-01,A,3,2025-09-30 10:54:00,15,
146244,2.0,117.0,coldboxsoprado_sopradora,2025-09-30 11:17:00,2025-09-30,2025-10-01,A,20,2025-09-30 10:57:00,15,
146244,3.0,2514.0,coldboxsoprado_sopradora,2025-09-30 11:52:00,2025-09-30,2025-10-01,B,5,2025-09-30 11:47:00,15,
146301,1.0,2302.0,coldboxsoprado_sopradora,2025-09-30 12:50:00,2025-09-30,2025-10-01,B,58,2025-09-30 11:52:00,15,
146380,4.0,386.0,coldboxsoprado_sopradora,2025-10-01 04:02:00,2025-10-01,2025-10-02,A,2,2025-10-01 04:00:00,15,
146381,4.0,386.0,coldboxsoprado_sopradora,2025-10-01 04:04:00,2025-10-01,2025-10-02,A,2,2025-10-01 04:02:00,15,
146418,4.0,385.0,coldboxsoprado_sopradora,2025-10-01 04:06:00,2025-10-01,2025-10-02,A,2,2025-10-01 04:04:00,15,
146419,4.0,385.0,coldboxsoprado_sopradora,2025-10-01 04:08:00,2025-10-01,2025-10-02,A,2,2025-10-01 04:06:00,15,
146380,20.0,2629.0,coldboxsoprado_sopradora,2025-10-01 04:20:00,2025-10-01,2025-10-02,A,2,2025-10-01 04:18:00,15,
146381,20.0,2629.0,coldboxsoprado_sopradora,2025-10-01 04:22:00,2025-10-01,2025-10-02,A,2,2025-10-01 04:20:00,15,
146418,20.0,2629.0,coldboxsoprado_sopradora,2025-10-01 04:24:00,2025-10-01,2025-10-02,A,2,2025-10-01 04:22:00,15,
146419,20.0,2629.0,coldboxsoprado_sopradora,2025-10-01 04:26:00,2025-10-01,2025-10-02,A,2,2025-10-01 04:24:00,15,
145271,20.0,2629.0,coldboxsoprado_sopradora,2025-10-01 04:34:00,2025-10-01,2025-10-02,A,8,2025-10-01 04:26:00,15,
146173,20.0,2629.0,coldboxsoprado_sopradora,2025-10-01 04:42:00,2025-10-01,2025-10-02,A,8,2025-10-01 04:34:00,15,
145271,6.0,840.0,coldboxsoprado_sopradora,2025-10-01 04:56:00,2025-10-01,2025-10-02,A,4,2025-10-01 04:52:00,15,
146173,6.0,840.0,coldboxsoprado_sopradora,2025-10-01 05:00:00,2025-10-01,2025-10-02,A,4,2025-10-01 04:56:00,15,
145271,7.0,834.0,coldboxsoprado_sopradora,2025-10-01 05:14:00,2025-10-01,2025-10-02,A,4,2025-10-01 05:10:00,15,
146173,7.0,841.0,coldboxsoprado_sopradora,2025-10-01 05:28:00,2025-10-01,2025-10-02,A,4,2025-10-01 05:24:00,15,
146314,2.0,2736.0,coldboxsoprado_sopradora,2025-10-01 05:46:00,2025-10-01,2025-10-02,A,8,2025-10-01 05:38:00,15,
146840,2.0,2736.0,coldboxsoprado_sopradora,2025-10-01 05:54:00,2025-10-01,2025-10-02,A,8,2025-10-01 05:46:00,15,
146527,2.0,117.0,coldboxsoprado_sopradora,2025-10-01 06:14:00,2025-10-01,2025-10-02,A,10,2025-10-01 06:04:00,15,
146814,1.0,2707.0,coldboxsoprado_sopradora,2025-10-01 06:34:00,2025-10-01,2025-10-02,A,10,2025-10-01 06:24:00,15,
146833,1.0,2715.0,coldboxsoprado_sopradora,2025-10-01 06:44:00,2025-10-01,2025-10-02,A,10,2025-10-01 06:34:00,15,
146814,2.0,2708.0,coldboxsoprado_sopradora,2025-10-01 07:14:00,2025-10-01,2025-10-02,A,20,2025-10-01 06:54:00,15,
146814,3.0,2709.0,coldboxsoprado_sopradora,2025-10-01 07:34:00,2025-10-01,2025-10-02,A,20,2025-10-01 07:14:00,15,
146833,2.0,2708.0,coldboxsoprado_sopradora,2025-10-01 07:54:00,2025-10-01,2025-10-02,A,20,2025-10-01 07:34:00,15,
146833,3.0,2709.0,coldboxsoprado_sopradora,2025-10-01 08:24:00,2025-10-01,2025-10-02,A,30,2025-10-01 07:54:00,15,
146314,1.0,2735.0,coldboxsoprado_sopradora,2025-10-01 08:59:00,2025-10-01,2025-10-02,B,5,2025-10-01 08:54:00,15,
146840,1.0,2735.0,coldboxsoprado_sopradora,2025-10-01 09:04:00,2025-10-01,2025-10-02,B,5,2025-10-01 08:59:00,15,
146527,3.0,2514.0,coldboxsoprado_sopradora,2025-10-01 09:19:00,2025-10-01,2025-10-02,B,5,2025-10-01 09:14:00,15,
146507,1.0,1755.0,coldboxsoprado_sopradora,2025-10-01 10:41:00,2025-10-01,2025-10-02,B,82,2025-10-01 09:19:00,15,
147266,20.0,2629.0,coldboxsoprado_sopradora,2025-10-02 04:01:00,2025-10-02,2025-10-03,A,1,2025-10-02 04:00:00,15,
147267,20.0,2629.0,coldboxsoprado_sopradora,2025-10-02 04:02:00,2025-10-02,2025-10-03,A,1,2025-10-02 04:01:00,15,
146382,20.0,2629.0,coldboxsoprado_sopradora,2025-10-02 04:04:00,2025-10-02,2025-10-03,A,2,2025-10-02 04:02:00,15,
146383,20.0,2629.0,coldboxsoprado_sopradora,2025-10-02 04:06:00,2025-10-02,2025-10-03,A,2,2025-10-02 04:04:00,15,
146420,20.0,2629.0,coldboxsoprado_sopradora,2025-10-02 04:08:00,2025-10-02,2025-10-03,A,2,2025-10-02 04:06:00,15,
146421,20.0,2629.0,coldboxsoprado_sopradora,2025-10-02 04:10:00,2025-10-02,2025-10-03,A,2,2025-10-02 04:08:00,15,
145800,20.0,2629.0,coldboxsoprado_sopradora,2025-10-02 04:14:00,2025-10-02,2025-10-03,A,4,2025-10-02 04:10:00,15,
146468,20.0,2629.0,coldboxsoprado_sopradora,2025-10-02 04:18:00,2025-10-02,2025-10-03,A,4,2025-10-02 04:14:00,15,
146469,20.0,2629.0,coldboxsoprado_sopradora,2025-10-02 04:22:00,2025-10-02,2025-10-03,A,4,2025-10-02 04:18:00,15,
146382,4.0,386.0,coldboxsoprado_sopradora,2025-10-02 04:34:00,2025-10-02,2025-10-03,A,2,2025-10-02 04:32:00,15,
146383,4.0,386.0,coldboxsoprado_sopradora,2025-10-02 04:36:00,2025-10-02,2025-10-03,A,2,2025-10-02 04:34:00,15,
146420,4.0,385.0,coldboxsoprado_sopradora,2025-10-02 04:38:00,2025-10-02,2025-10-03,A,2,2025-10-02 04:36:00,15,
146421,4.0,385.0,coldboxsoprado_sopradora,2025-10-02 04:40:00,2025-10-02,2025-10-03,A,2,2025-10-02 04:38:00,15,
146468,3.0,2692.0,coldboxsoprado_sopradora,2025-10-02 04:54:00,2025-10-02,2025-10-03,A,4,2025-10-02 04:50:00,15,
146469,3.0,2692.0,coldboxsoprado_sopradora,2025-10-02 04:58:00,2025-10-02,2025-10-03,A,4,2025-10-02 04:54:00,15,
146468,4.0,2693.0,coldboxsoprado_sopradora,2025-10-02 05:16:00,2025-10-02,2025-10-03,A,8,2025-10-02 05:08:00,15,
146469,4.0,2693.0,coldboxsoprado_sopradora,2025-10-02 05:24:00,2025-10-02,2025-10-03,A,8,2025-10-02 05:16:00,15,
146841,2.0,2736.0,coldboxsoprado_sopradora,2025-10-02 05:42:00,2025-10-02,2025-10-03,A,8,2025-10-02 05:34:00,15,
146846,2.0,2736.0,coldboxsoprado_sopradora,2025-10-02 05:50:00,2025-10-02,2025-10-03,A,8,2025-10-02 05:42:00,15,
146528,2.0,117.0,coldboxsoprado_sopradora,2025-10-02 06:10:00,2025-10-02,2025-10-03,A,10,2025-10-02 06:00:00,15,
146815,1.0,2707.0,coldboxsoprado_sopradora,2025-10-02 06:30:00,2025-10-02,2025-10-03,A,10,2025-10-02 06:20:00,15,
146834,1.0,2715.0,coldboxsoprado_sopradora,2025-10-02 06:40:00,2025-10-02,2025-10-03,A,10,2025-10-02 06:30:00,15,
146815,2.0,2708.0,coldboxsoprado_sopradora,2025-10-02 07:10:00,2025-10-02,2025-10-03,A,20,2025-10-02 06:50:00,15,
146815,3.0,2709.0,coldboxsoprado_sopradora,2025-10-02 07:30:00,2025-10-02,2025-10-03,A,20,2025-10-02 07:10:00,15,
146834,2.0,2708.0,coldboxsoprado_sopradora,2025-10-02 07:50:00,2025-10-02,2025-10-03,A,20,2025-10-02 07:30:00,15,
146834,3.0,2709.0,coldboxsoprado_sopradora,2025-10-02 08:20:00,2025-10-02,2025-10-03,A,30,2025-10-02 07:50:00,15,
146528,3.0,2514.0,coldboxsoprado_sopradora,2025-10-02 08:55:00,2025-10-02,2025-10-03,B,5,2025-10-02 08:50:00,15,
146841,1.0,2735.0,coldboxsoprado_sopradora,2025-10-02 09:10:00,2025-10-02,2025-10-03,B,5,2025-10-02 09:05:00,15,
146846,1.0,2735.0,coldboxsoprado_sopradora,2025-10-02 09:15:00,2025-10-02,2025-10-03,B,5,2025-10-02 09:10:00,15,
146302,1.0,2302.0,coldboxsoprado_sopradora,2025-10-02 10:13:00,2025-10-02,2025-10-03,B,58,2025-10-02 09:15:00,15,
146384,4.0,386.0,coldboxsoprado_sopradora,2025-10-03 04:02:00,2025-10-03,2025-10-04,A,2,2025-10-03 04:00:00,15,
146385,4.0,386.0,coldboxsoprado_sopradora,2025-10-03 04:04:00,2025-10-03,2025-10-04,A,2,2025-10-03 04:02:00,15,
146422,4.0,385.0,coldboxsoprado_sopradora,2025-10-03 04:06:00,2025-10-03,2025-10-04,A,2,2025-10-03 04:04:00,15,
146423,4.0,385.0,coldboxsoprado_sopradora,2025-10-03 04:08:00,2025-10-03,2025-10-04,A,2,2025-10-03 04:06:00,15,
146384,20.0,2629.0,coldboxsoprado_sopradora,2025-10-03 04:20:00,2025-10-03,2025-10-04,A,2,2025-10-03 04:18:00,15,
146385,20.0,2629.0,coldboxsoprado_sopradora,2025-10-03 04:22:00,2025-10-03,2025-10-04,A,2,2025-10-03 04:20:00,15,
146422,20.0,2629.0,coldboxsoprado_sopradora,2025-10-03 04:24:00,2025-10-03,2025-10-04,A,2,2025-10-03 04:22:00,15,
146423,20.0,2629.0,coldboxsoprado_sopradora,2025-10-03 04:26:00,2025-10-03,2025-10-04,A,2,2025-10-03 04:24:00,15,
146971,20.0,2629.0,coldboxsoprado_sopradora,2025-10-03 04:28:00,2025-10-03,2025-10-04,A,2,2025-10-03 04:26:00,15,
147296,20.0,2629.0,coldboxsoprado_sopradora,2025-10-03 04:30:00,2025-10-03,2025-10-04,A,2,2025-10-03 04:28:00,15,
146470,20.0,2629.0,coldboxsoprado_sopradora,2025-10-03 04:34:00,2025-10-03,2025-10-04,A,4,2025-10-03 04:30:00,15,
146471,20.0,2629.0,coldboxsoprado_sopradora,2025-10-03 04:38:00,2025-10-03,2025-10-04,A,4,2025-10-03 04:34:00,15,
146470,3.0,2692.0,coldboxsoprado_sopradora,2025-10-03 04:52:00,2025-10-03,2025-10-04,A,4,2025-10-03 04:48:00,15,
146471,3.0,2692.0,coldboxsoprado_sopradora,2025-10-03 04:56:00,2025-10-03,2025-10-04,A,4,2025-10-03 04:52:00,15,
146470,4.0,2693.0,coldboxsoprado_sopradora,2025-10-03 05:14:00,2025-10-03,2025-10-04,A,8,2025-10-03 05:06:00,15,
146471,4.0,2693.0,coldboxsoprado_sopradora,2025-10-03 05:22:00,2025-10-03,2025-10-04,A,8,2025-10-03 05:14:00,15,
146842,2.0,2736.0,coldboxsoprado_sopradora,2025-10-03 05:40:00,2025-10-03,2025-10-04,A,8,2025-10-03 05:32:00,15,
146847,2.0,2736.0,coldboxsoprado_sopradora,2025-10-03 05:48:00,2025-10-03,2025-10-04,A,8,2025-10-03 05:40:00,15,
146816,1.0,2707.0,coldboxsoprado_sopradora,2025-10-03 06:08:00,2025-10-03,2025-10-04,A,10,2025-10-03 05:58:00,15,
146835,1.0,2715.0,coldboxsoprado_sopradora,2025-10-03 06:18:00,2025-10-03,2025-10-04,A,10,2025-10-03 06:08:00,15,
146816,2.0,2708.0,coldboxsoprado_sopradora,2025-10-03 06:48:00,2025-10-03,2025-10-04,A,20,2025-10-03 06:28:00,15,
146816,3.0,2709.0,coldboxsoprado_sopradora,2025-10-03 07:08:00,2025-10-03,2025-10-04,A,20,2025-10-03 06:48:00,15,
146835,2.0,2708.0,coldboxsoprado_sopradora,2025-10-03 07:28:00,2025-10-03,2025-10-04,A,20,2025-10-03 07:08:00,15,
146835,3.0,2709.0,coldboxsoprado_sopradora,2025-10-03 07:58:00,2025-10-03,2025-10-04,A,30,2025-10-03 07:28:00,15,
146842,1.0,2735.0,coldboxsoprado_sopradora,2025-10-03 08:33:00,2025-10-03,2025-10-04,B,5,2025-10-03 08:28:00,15,
146847,1.0,2735.0,coldboxsoprado_sopradora,2025-10-03 08:48:00,2025-10-03,2025-10-04,B,15,2025-10-03 08:33:00,15,
146973,3.0,0.0,coldboxgasado_coldboxpequena,,2025-10-01,2025-10-01,,0,,15,"erro, algum dado faltando, operação não será considerada."
145776,1.0,828.0,pepset_chao,,2025-10-07,2025-10-07,,0,,15,"erro, not before date posterior a sexta feira, operação não será considerada."
145776,2.0,829.0,pepset_carrossel,,2025-10-07,2025-10-07,,0,,15,"erro, not before date posterior a sexta feira, operação não será considerada."
145776,3.0,830.0,pepset_carrossel,,2025-10-07,2025-10-07,,0,,15,"erro, not before date posterior a sexta feira, operação não será considerada."
145776,4.0,831.0,pepset_carrossel,,2025-10-07,2025-10-07,,0,,15,"erro, not before date posterior a sexta feira, operação não será considerada."
145776,5.0,839.0,pepset_carrossel,,2025-10-07,2025-10-07,,0,,15,"erro, not before date posterior a sexta feira, operação não será considerada."
145776,6.0,840.0,coldboxsoprado_sopradora,,2025-10-07,2025-10-07,,0,,15,"erro, not before date posterior a sexta feira, operação não será considerada."
145776,7.0,834.0,coldboxsoprado_sopradora,,2025-10-07,2025-10-07,,0,,15,"erro, not before date posterior a sexta feira, operação não será considerada."
145788,1.0,835.0,pepset_chao,,2025-10-07,2025-10-07,,0,,15,"erro, not before date posterior a sexta feira, operação não será considerada."
145788,2.0,836.0,pepset_carrossel,,2025-10-07,2025-10-07,,0,,15,"erro, not before date posterior a sexta feira, operação não será considerada."
145788,3.0,837.0,pepset_carrossel,,2025-10-07,2025-10-07,,0,,15,"erro, not before date posterior a sexta feira, operação não será considerada."
145788,4.0,838.0,pepset_carrossel,,2025-10-07,2025-10-07,,0,,15,"erro, not before date posterior a sexta feira, operação não será considerada."
145788,5.0,839.0,pepset_carrossel,,2025-10-07,2025-10-07,,0,,15,"erro, not before date posterior a sexta feira, operação não será considerada."
145788,6.0,840.0,coldboxsoprado_sopradora,,2025-10-07,2025-10-07,,0,,15,"erro, not before date posterior a sexta feira, operação não será considerada."
145788,7.0,841.0,coldboxsoprado_sopradora,,2025-10-07,2025-10-07,,0,,15,"erro, not before date posterior a sexta feira, operação não será considerada."
145942,1.0,2675.0,pepset_carrossel,,2025-10-07,2025-10-07,,0,,15,"erro, not before date posterior a sexta feira, operação não será considerada."
145942,2.0,2676.0,pepset_carrossel,,2025-10-07,2025-10-07,,0,,15,"erro, not before date posterior a sexta feira, operação não será considerada."
145942,3.0,2677.0,pepset_carrossel,,2025-10-07,2025-10-07,,0,,15,"erro, not before date posterior a sexta feira, operação não será considerada."
145942,4.0,2678.0,pepset_carrossel,,2025-10-07,2025-10-07,,0,,15,"erro, not before date posterior a sexta feira, operação não será considerada."
145942,5.0,2679.0,pepset_carrossel,,2025-10-07,2025-10-07,,0,,15,"erro, not before date posterior a sexta feira, operação não será considerada."
145942,6.0,2680.0,pepset_carrossel,,2025-10-07,2025-10-07,,0,,15,"erro, not before date posterior a sexta feira, operação não será considerada."
145942,7.0,2681.0,pepset_carrossel,,2025-10-07,2025-10-07,,0,,15,"erro, not before date posterior a sexta feira, operação não será considerada."
145942,8.0,2682.0,pepset_carrossel,,2025-10-07,2025-10-07,,0,,15,"erro, not before date posterior a sexta feira, operação não será considerada."
145942,9.0,2683.0,pepset_carrossel,,2025-10-07,2025-10-07,,0,,15,"erro, not before date posterior a sexta feira, operação não será considerada."
145942,10.0,2684.0,pepset_carrossel,,2025-10-07,2025-10-07,,0,,15,"erro, not before date posterior a sexta feira, operação não será considerada."
145942,11.0,2685.0,pepset_carrossel,,2025-10-07,2025-10-07,,0,,15,"erro, not before date posterior a sexta feira, operação não será considerada."
145942,20.0,2629.0,coldboxsoprado_sopradora,,2025-10-07,2025-10-07,,0,,15,"erro, not before date posterior a sexta feira, operação não será considerada."
146298,1.0,2647.0,pepset_carrossel,,2025-10-06,2025-10-06,,0,,15,"erro, not before date posterior a sexta feira, operação não será considerada."
146356,1.0,90.0,pepset_carrossel,,2025-10-06,2025-10-06,,0,,15,"erro, not before date posterior a sexta feira, operação não será considerada."
146356,2.0,91.0,pepset_carrossel,,2025-10-06,2025-10-06,,0,,15,"erro, not before date posterior a sexta feira, operação não será considerada."
146356,3.0,92.0,pepset_carrossel,,2025-10-06,2025-10-06,,0,,15,"erro, not before date posterior a sexta feira, operação não será considerada."
146356,4.0,93.0,pepset_carrossel,,2025-10-06,2025-10-06,,0,,15,"erro, not before date posterior a sexta feira, operação não será considerada."
146357,1.0,90.0,pepset_carrossel,,2025-10-07,2025-10-07,,0,,15,"erro, not before date posterior a sexta feira, operação não será considerada."
146357,2.0,91.0,pepset_carrossel,,2025-10-07,2025-10-07,,0,,15,"erro, not before date posterior a sexta feira, operação não será considerada."
146357,3.0,92.0,pepset_carrossel,,2025-10-07,2025-10-07,,0,,15,"erro, not before date posterior a sexta feira, operação não será considerada."
146357,4.0,93.0,pepset_carrossel,,2025-10-07,2025-10-07,,0,,15,"erro, not before date posterior a sexta feira, operação não será considerada."
146386,1.0,113.0,coldboxgasado_coldbox4,,2025-10-06,2025-10-06,,0,,15,"erro, not before date posterior a sexta feira, operação não será considerada."
146386,2.0,114.0,pepset_carrossel,,2025-10-06,2025-10-06,,0,,15,"erro, not before date posterior a sexta feira, operação não será considerada."
146386,3.0,115.0,coldboxgasado_coldboxpequena,,2025-10-06,2025-10-06,,0,,15,"erro, not before date posterior a sexta feira, operação não será considerada."
146386,4.0,386.0,coldboxsoprado_sopradora,,2025-10-06,2025-10-06,,0,,15,"erro, not before date posterior a sexta feira, operação não será considerada."
146386,20.0,2629.0,coldboxsoprado_sopradora,,2025-10-06,2025-10-06,,0,,15,"erro, not before date posterior a sexta feira, operação não será considerada."
146387,1.0,113.0,coldboxgasado_coldbox4,,2025-10-06,2025-10-06,,0,,15,"erro, not before date posterior a sexta feira, operação não será considerada."
146387,2.0,114.0,pepset_carrossel,,2025-10-06,2025-10-06,,0,,15,"erro, not before date posterior a sexta feira, operação não será considerada."
146387,3.0,115.0,coldboxgasado_coldboxpequena,,2025-10-06,2025-10-06,,0,,15,"erro, not before date posterior a sexta feira, operação não será considerada."
146387,4.0,386.0,coldboxsoprado_sopradora,,2025-10-06,2025-10-06,,0,,15,"erro, not before date posterior a sexta feira, operação não será considerada."
146387,20.0,2629.0,coldboxsoprado_sopradora,,2025-10-06,2025-10-06,,0,,15,"erro, not before date posterior a sexta feira, operação não será considerada."
146388,1.0,113.0,coldboxgasado_coldbox4,,2025-10-06,2025-10-06,,0,,15,"erro, not before date posterior a sexta feira, operação não será considerada."
146388,2.0,114.0,pepset_carrossel,,2025-10-06,2025-10-06,,0,,15,"erro, not before date posterior a sexta feira, operação não será considerada."
146388,3.0,115.0,coldboxgasado_coldboxpequena,,2025-10-06,2025-10-06,,0,,15,"erro, not before date posterior a sexta feira, operação não será considerada."
146388,4.0,386.0,coldboxsoprado_sopradora,,2025-10-06,2025-10-06,,0,,15,"erro, not before date posterior a sexta feira, operação não será considerada."
146388,20.0,2629.0,coldboxsoprado_sopradora,,2025-10-06,2025-10-06,,0,,15,"erro, not before date posterior a sexta feira, operação não será considerada."
146389,1.0,113.0,coldboxgasado_coldbox4,,2025-10-07,2025-10-07,,0,,15,"erro, not before date posterior a sexta feira, operação não será considerada."
146389,2.0,114.0,pepset_carrossel,,2025-10-07,2025-10-07,,0,,15,"erro, not before date posterior a sexta feira, operação não será considerada."
146389,3.0,115.0,coldboxgasado_coldboxpequena,,2025-10-07,2025-10-07,,0,,15,"erro, not before date posterior a sexta feira, operação não será considerada."
146389,4.0,386.0,coldboxsoprado_sopradora,,2025-10-07,2025-10-07,,0,,15,"erro, not before date posterior a sexta feira, operação não será considerada."
146389,20.0,2629.0,coldboxsoprado_sopradora,,2025-10-07,2025-10-07,,0,,15,"erro, not before date posterior a sexta feira, operação não será considerada."
146390,1.0,113.0,coldboxgasado_coldbox4,,2025-10-07,2025-10-07,,0,,15,"erro, not before date posterior a sexta feira, operação não será considerada."
146390,2.0,114.0,pepset_carrossel,,2025-10-07,2025-10-07,,0,,15,"erro, not before date posterior a sexta feira, operação não será considerada."
146390,3.0,115.0,coldboxgasado_coldboxpequena,,2025-10-07,2025-10-07,,0,,15,"erro, not before date posterior a sexta feira, operação não será considerada."
146390,4.0,386.0,coldboxsoprado_sopradora,,2025-10-07,2025-10-07,,0,,15,"erro, not before date posterior a sexta feira, operação não será considerada."
146390,20.0,2629.0,coldboxsoprado_sopradora,,2025-10-07,2025-10-07,,0,,15,"erro, not before date posterior a sexta feira, operação não será considerada."
146424,1.0,113.0,coldboxgasado_coldbox4,,2025-10-06,2025-10-06,,0,,15,"erro, not before date posterior a sexta feira, operação não será considerada."
146424,2.0,114.0,pepset_carrossel,,2025-10-06,2025-10-06,,0,,15,"erro, not before date posterior a sexta feira, operação não será considerada."
146424,3.0,98.0,coldboxgasado_coldboxpequena,,2025-10-06,2025-10-06,,0,,15,"erro, not before date posterior a sexta feira, operação não será considerada."
146424,4.0,385.0,coldboxsoprado_sopradora,,2025-10-06,2025-10-06,,0,,15,"erro, not before date posterior a sexta feira, operação não será considerada."
146424,20.0,2629.0,coldboxsoprado_sopradora,,2025-10-06,2025-10-06,,0,,15,"erro, not before date posterior a sexta feira, operação não será considerada."
146425,1.0,113.0,coldboxgasado_coldbox4,,2025-10-06,2025-10-06,,0,,15,"erro, not before date posterior a sexta feira, operação não será considerada."
146425,2.0,114.0,pepset_carrossel,,2025-10-06,2025-10-06,,0,,15,"erro, not before date posterior a sexta feira, operação não será considerada."
146425,3.0,98.0,coldboxgasado_coldboxpequena,,2025-10-06,2025-10-06,,0,,15,"erro, not before date posterior a sexta feira, operação não será considerada."
146425,4.0,385.0,coldboxsoprado_sopradora,,2025-10-06,2025-10-06,,0,,15,"erro, not before date posterior a sexta feira, operação não será considerada."
146425,20.0,2629.0,coldboxsoprado_sopradora,,2025-10-06,2025-10-06,,0,,15,"erro, not before date posterior a sexta feira, operação não será considerada."
146426,1.0,113.0,coldboxgasado_coldbox4,,2025-10-06,2025-10-06,,0,,15,"erro, not before date posterior a sexta feira, operação não será considerada."
146426,2.0,114.0,pepset_carrossel,,2025-10-06,2025-10-06,,0,,15,"erro, not before date posterior a sexta feira, operação não será considerada."
146426,3.0,98.0,coldboxgasado_coldboxpequena,,2025-10-06,2025-10-06,,0,,15,"erro, not before date posterior a sexta feira, operação não será considerada."
146426,4.0,385.0,coldboxsoprado_sopradora,,2025-10-06,2025-10-06,,0,,15,"erro, not before date posterior a sexta feira, operação não será considerada."
146426,20.0,2629.0,coldboxsoprado_sopradora,,2025-10-06,2025-10-06,,0,,15,"erro, not before date posterior a sexta feira, operação não será considerada."
146427,1.0,113.0,coldboxgasado_coldbox4,,2025-10-07,2025-10-07,,0,,15,"erro, not before date posterior a sexta feira, operação não será considerada."
146427,2.0,114.0,pepset_carrossel,,2025-10-07,2025-10-07,,0,,15,"erro, not before date posterior a sexta feira, operação não será considerada."
146427,3.0,98.0,coldboxgasado_coldboxpequena,,2025-10-07,2025-10-07,,0,,15,"erro, not before date posterior a sexta feira, operação não será considerada."
146427,4.0,385.0,coldboxsoprado_sopradora,,2025-10-07,2025-10-07,,0,,15,"erro, not before date posterior a sexta feira, operação não será considerada."
146427,20.0,2629.0,coldboxsoprado_sopradora,,2025-10-07,2025-10-07,,0,,15,"erro, not before date posterior a sexta feira, operação não será considerada."
146428,1.0,113.0,coldboxgasado_coldbox4,,2025-10-07,2025-10-07,,0,,15,"erro, not before date posterior a sexta feira, operação não será considerada."
146428,2.0,114.0,pepset_carrossel,,2025-10-07,2025-10-07,,0,,15,"erro, not before date posterior a sexta feira, operação não será considerada."
146428,3.0,98.0,coldboxgasado_coldboxpequena,,2025-10-07,2025-10-07,,0,,15,"erro, not before date posterior a sexta feira, operação não será considerada."
146428,4.0,385.0,coldboxsoprado_sopradora,,2025-10-07,2025-10-07,,0,,15,"erro, not before date posterior a sexta feira, operação não será considerada."
146428,20.0,2629.0,coldboxsoprado_sopradora,,2025-10-07,2025-10-07,,0,,15,"erro, not before date posterior a sexta feira, operação não será considerada."
146438,1.0,87.0,pepset_carrossel,,2025-10-06,2025-10-06,,0,,15,"erro, not before date posterior a sexta feira, operação não será considerada."
146438,2.0,88.0,pepset_carrossel,,2025-10-06,2025-10-06,,0,,15,"erro, not before date posterior a sexta feira, operação não será considerada."
146438,3.0,89.0,pepset_carrossel,,2025-10-06,2025-10-06,,0,,15,"erro, not before date posterior a sexta feira, operação não será considerada."
146438,4.0,94.0,pepset_carrossel,,2025-10-06,2025-10-06,,0,,15,"erro, not before date posterior a sexta feira, operação não será considerada."
146439,1.0,87.0,pepset_carrossel,,2025-10-07,2025-10-07,,0,,15,"erro, not before date posterior a sexta feira, operação não será considerada."
146439,2.0,88.0,pepset_carrossel,,2025-10-07,2025-10-07,,0,,15,"erro, not before date posterior a sexta feira, operação não será considerada."
146439,3.0,89.0,pepset_carrossel,,2025-10-07,2025-10-07,,0,,15,"erro, not before date posterior a sexta feira, operação não será considerada."
146439,4.0,94.0,pepset_carrossel,,2025-10-07,2025-10-07,,0,,15,"erro, not before date posterior a sexta feira, operação não será considerada."
146472,1.0,2690.0,coldboxgasado_coldbox4,,2025-10-06,2025-10-06,,0,,15,"erro, not before date posterior a sexta feira, operação não será considerada."
146472,2.0,2691.0,coldboxgasado_coldbox4,,2025-10-06,2025-10-06,,0,,15,"erro, not before date posterior a sexta feira, operação não será considerada."
146472,3.0,2692.0,coldboxsoprado_sopradora,,2025-10-06,2025-10-06,,0,,15,"erro, not before date posterior a sexta feira, operação não será considerada."
146472,4.0,2693.0,coldboxsoprado_sopradora,,2025-10-06,2025-10-06,,0,,15,"erro, not before date posterior a sexta feira, operação não será considerada."
146472,5.0,2694.0,pepset_vibrado,,2025-10-06,2025-10-06,,0,,15,"erro, not before date posterior a sexta feira, operação não será considerada."
146472,6.0,2695.0,pepset_carrossel,,2025-10-06,2025-10-06,,0,,15,"erro, not before date posterior a sexta feira, operação não será considerada."
146472,7.0,2696.0,pepset_carrossel,,2025-10-06,2025-10-06,,0,,15,"erro, not before date posterior a sexta feira, operação não será considerada."
146472,8.0,2697.0,pepset_carrossel,,2025-10-06,2025-10-06,,0,,15,"erro, not before date posterior a sexta feira, operação não será considerada."
146472,9.0,2698.0,pepset_carrossel,,2025-10-06,2025-10-06,,0,,15,"erro, not before date posterior a sexta feira, operação não será considerada."
146472,20.0,2629.0,coldboxsoprado_sopradora,,2025-10-06,2025-10-06,,0,,15,"erro, not before date posterior a sexta feira, operação não será considerada."
146473,1.0,2690.0,coldboxgasado_coldbox4,,2025-10-06,2025-10-06,,0,,15,"erro, not before date posterior a sexta feira, operação não será considerada."
146473,2.0,2691.0,coldboxgasado_coldbox4,,2025-10-06,2025-10-06,,0,,15,"erro, not before date posterior a sexta feira, operação não será considerada."
146473,3.0,2692.0,coldboxsoprado_sopradora,,2025-10-06,2025-10-06,,0,,15,"erro, not before date posterior a sexta feira, operação não será considerada."
146473,4.0,2693.0,coldboxsoprado_sopradora,,2025-10-06,2025-10-06,,0,,15,"erro, not before date posterior a sexta feira, operação não será considerada."
146473,5.0,2694.0,pepset_vibrado,,2025-10-06,2025-10-06,,0,,15,"erro, not before date posterior a sexta feira, operação não será considerada."
146473,6.0,2695.0,pepset_carrossel,,2025-10-06,2025-10-06,,0,,15,"erro, not before date posterior a sexta feira, operação não será considerada."
146473,7.0,2696.0,pepset_carrossel,,2025-10-06,2025-10-06,,0,,15,"erro, not before date posterior a sexta feira, operação não será considerada."
146473,8.0,2697.0,pepset_carrossel,,2025-10-06,2025-10-06,,0,,15,"erro, not before date posterior a sexta feira, operação não será considerada."
146473,9.0,2698.0,pepset_carrossel,,2025-10-06,2025-10-06,,0,,15,"erro, not before date posterior a sexta feira, operação não será considerada."
146473,20.0,2629.0,coldboxsoprado_sopradora,,2025-10-06,2025-10-06,,0,,15,"erro, not before date posterior a sexta feira, operação não será considerada."
146474,1.0,2690.0,coldboxgasado_coldbox4,,2025-10-07,2025-10-07,,0,,15,"erro, not before date posterior a sexta feira, operação não será considerada."
146474,2.0,2691.0,coldboxgasado_coldbox4,,2025-10-07,2025-10-07,,0,,15,"erro, not before date posterior a sexta feira, operação não será considerada."
146474,3.0,2692.0,coldboxsoprado_sopradora,,2025-10-07,2025-10-07,,0,,15,"erro, not before date posterior a sexta feira, operação não será considerada."
146474,4.0,2693.0,coldboxsoprado_sopradora,,2025-10-07,2025-10-07,,0,,15,"erro, not before date posterior a sexta feira, operação não será considerada."
146474,5.0,2694.0,pepset_vibrado,,2025-10-07,2025-10-07,,0,,15,"erro, not before date posterior a sexta feira, operação não será considerada."
146474,6.0,2695.0,pepset_carrossel,,2025-10-07,2025-10-07,,0,,15,"erro, not before date posterior a sexta feira, operação não será considerada."
146474,7.0,2696.0,pepset_carrossel,,2025-10-07,2025-10-07,,0,,15,"erro, not before date posterior a sexta feira, operação não será considerada."
146474,8.0,2697.0,pepset_carrossel,,2025-10-07,2025-10-07,,0,,15,"erro, not before date posterior a sexta feira, operação não será considerada."
146474,9.0,2698.0,pepset_carrossel,,2025-10-07,2025-10-07,,0,,15,"erro, not before date posterior a sexta feira, operação não será considerada."
146474,20.0,2629.0,coldboxsoprado_sopradora,,2025-10-07,2025-10-07,,0,,15,"erro, not before date posterior a sexta feira, operação não será considerada."
146475,1.0,2690.0,coldboxgasado_coldbox4,,2025-10-07,2025-10-07,,0,,15,"erro, not before date posterior a sexta feira, operação não será considerada."
146475,2.0,2691.0,coldboxgasado_coldbox4,,2025-10-07,2025-10-07,,0,,15,"erro, not before date posterior a sexta feira, operação não será considerada."
146475,3.0,2692.0,coldboxsoprado_sopradora,,2025-10-07,2025-10-07,,0,,15,"erro, not before date posterior a sexta feira, operação não será considerada."
146475,4.0,2693.0,coldboxsoprado_sopradora,,2025-10-07,2025-10-07,,0,,15,"erro, not before date posterior a sexta feira, operação não será considerada."
146475,5.0,2694.0,pepset_vibrado,,2025-10-07,2025-10-07,,0,,15,"erro, not before date posterior a sexta feira, operação não será considerada."
146475,6.0,2695.0,pepset_carrossel,,2025-10-07,2025-10-07,,0,,15,"erro, not before date posterior a sexta feira, operação não será considerada."
146475,7.0,2696.0,pepset_carrossel,,2025-10-07,2025-10-07,,0,,15,"erro, not before date posterior a sexta feira, operação não será considerada."
146475,8.0,2697.0,pepset_carrossel,,2025-10-07,2025-10-07,,0,,15,"erro, not before date posterior a sexta feira, operação não será considerada."
146475,9.0,2698.0,pepset_carrossel,,2025-10-07,2025-10-07,,0,,15,"erro, not before date posterior a sexta feira, operação não será considerada."
146475,20.0,2629.0,coldboxsoprado_sopradora,,2025-10-07,2025-10-07,,0,,15,"erro, not before date posterior a sexta feira, operação não será considerada."
146661,1.0,2066.0,pepset_vibrado,,2025-10-06,2025-10-07,,0,,15,"erro, not before date posterior a sexta feira, operação não será considerada."
146661,30.0,2926.0,pepset_carrossel,,2025-10-06,2025-10-06,,0,,15,"erro, not before date posterior a sexta feira, operação não será considerada."
146668,1.0,190.0,pepset_chao,,2025-10-06,2025-10-06,,0,,15,"erro, not before date posterior a sexta feira, operação não será considerada."
146668,29.0,2925.0,pepset_carrossel,,2025-10-06,2025-10-06,,0,,15,"erro, not before date posterior a sexta feira, operação não será considerada."
146688,1.0,2779.0,pepset_carrossel,,2025-10-07,2025-10-07,,0,,15,"erro, not before date posterior a sexta feira, operação não será considerada."
146817,1.0,2707.0,coldboxsoprado_sopradora,,2025-10-06,2025-10-06,,0,,15,"erro, not before date posterior a sexta feira, operação não será considerada."
146817,2.0,2708.0,coldboxsoprado_sopradora,,2025-10-06,2025-10-06,,0,,15,"erro, not before date posterior a sexta feira, operação não será considerada."
146817,3.0,2709.0,coldboxsoprado_sopradora,,2025-10-06,2025-10-06,,0,,15,"erro, not before date posterior a sexta feira, operação não será considerada."
146818,1.0,2707.0,coldboxsoprado_sopradora,,2025-10-07,2025-10-07,,0,,15,"erro, not before date posterior a sexta feira, operação não será considerada."
146818,2.0,2708.0,coldboxsoprado_sopradora,,2025-10-07,2025-10-07,,0,,15,"erro, not before date posterior a sexta feira, operação não será considerada."
146818,3.0,2709.0,coldboxsoprado_sopradora,,2025-10-07,2025-10-07,,0,,15,"erro, not before date posterior a sexta feira, operação não será considerada."
146836,1.0,2715.0,coldboxsoprado_sopradora,,2025-10-06,2025-10-06,,0,,15,"erro, not before date posterior a sexta feira, operação não será considerada."
146836,2.0,2708.0,coldboxsoprado_sopradora,,2025-10-06,2025-10-06,,0,,15,"erro, not before date posterior a sexta feira, operação não será considerada."
146836,3.0,2709.0,coldboxsoprado_sopradora,,2025-10-06,2025-10-06,,0,,15,"erro, not before date posterior a sexta feira, operação não será considerada."
146843,1.0,2735.0,coldboxsoprado_sopradora,,2025-10-06,2025-10-06,,0,,15,"erro, not before date posterior a sexta feira, operação não será considerada."
146843,2.0,2736.0,coldboxsoprado_sopradora,,2025-10-06,2025-10-06,,0,,15,"erro, not before date posterior a sexta feira, operação não será considerada."
146844,1.0,2735.0,coldboxsoprado_sopradora,,2025-10-07,2025-10-07,,0,,15,"erro, not before date posterior a sexta feira, operação não será considerada."
146844,2.0,2736.0,coldboxsoprado_sopradora,,2025-10-07,2025-10-07,,0,,15,"erro, not before date posterior a sexta feira, operação não será considerada."
146848,1.0,2735.0,coldboxsoprado_sopradora,,2025-10-06,2025-10-06,,0,,15,"erro, not before date posterior a sexta feira, operação não será considerada."
146848,2.0,2736.0,coldboxsoprado_sopradora,,2025-10-06,2025-10-06,,0,,15,"erro, not before date posterior a sexta feira, operação não será considerada."
146849,1.0,2735.0,coldboxsoprado_sopradora,,2025-10-07,2025-10-07,,0,,15,"erro, not before date posterior a sexta feira, operação não será considerada."
146849,2.0,2736.0,coldboxsoprado_sopradora,,2025-10-07,2025-10-07,,0,,15,"erro, not before date posterior a sexta feira, operação não será considerada."
146868,1.0,2882.0,coldboxgasado_coldboxpequena,,2025-10-06,2025-10-06,,0,,15,"erro, not before date posterior a sexta feira, operação não será considerada."
146868,2.0,2883.0,coldboxgasado_coldboxpequena,,2025-10-06,2025-10-06,,0,,15,"erro, not before date posterior a sexta feira, operação não será considerada."
146868,3.0,2884.0,pepset_chao,,2025-10-06,2025-10-06,,0,,15,"erro, not before date posterior a sexta feira, operação não será considerada."
146868,29.0,2925.0,pepset_carrossel,,2025-10-06,2025-10-06,,0,,15,"erro, not before date posterior a sexta feira, operação não será considerada."
146884,1.0,2601.0,coldboxgasado_coldboxpequena,,2025-10-07,2025-10-07,,0,,15,"erro, not before date posterior a sexta feira, operação não será considerada."
146884,2.0,2631.0,pepset_carrossel,,2025-10-07,2025-10-07,,0,,15,"erro, not before date posterior a sexta feira, operação não será considerada."
146884,3.0,2632.0,pepset_carrossel,,2025-10-07,2025-10-07,,0,,15,"erro, not before date posterior a sexta feira, operação não será considerada."
146885,1.0,2601.0,coldboxgasado_coldboxpequena,,2025-10-07,2025-10-07,,0,,15,"erro, not before date posterior a sexta feira, operação não será considerada."
146885,2.0,2623.0,pepset_carrossel,,2025-10-07,2025-10-07,,0,,15,"erro, not before date posterior a sexta feira, operação não será considerada."
146885,3.0,2624.0,pepset_carrossel,,2025-10-07,2025-10-07,,0,,15,"erro, not before date posterior a sexta feira, operação não será considerada."
146886,1.0,2601.0,coldboxgasado_coldboxpequena,,2025-10-07,2025-10-07,,0,,15,"erro, not before date posterior a sexta feira, operação não será considerada."
146886,2.0,2618.0,pepset_carrossel,,2025-10-07,2025-10-07,,0,,15,"erro, not before date posterior a sexta feira, operação não será considerada."
146886,3.0,2619.0,pepset_carrossel,,2025-10-07,2025-10-07,,0,,15,"erro, not before date posterior a sexta feira, operação não será considerada."
146887,1.0,2654.0,coldboxgasado_coldboxpequena,,2025-10-07,2025-10-07,,0,,15,"erro, not before date posterior a sexta feira, operação não será considerada."
146887,2.0,2662.0,pepset_carrossel,,2025-10-07,2025-10-07,,0,,15,"erro, not before date posterior a sexta feira, operação não será considerada."
146887,3.0,2663.0,pepset_carrossel,,2025-10-07,2025-10-07,,0,,15,"erro, not before date posterior a sexta feira, operação não será considerada."
146888,1.0,2654.0,coldboxgasado_coldboxpequena,,2025-10-07,2025-10-07,,0,,15,"erro, not before date posterior a sexta feira, operação não será considerada."
146888,2.0,2660.0,pepset_carrossel,,2025-10-07,2025-10-07,,0,,15,"erro, not before date posterior a sexta feira, operação não será considerada."
146888,3.0,2661.0,pepset_carrossel,,2025-10-07,2025-10-07,,0,,15,"erro, not before date posterior a sexta feira, operação não será considerada."
147166,1.0,2192.0,coldboxgasado_coldboxpequena,,2025-10-07,2025-10-07,,0,,15,"erro, not before date posterior a sexta feira, operação não será considerada."
147166,2.0,2320.0,coldboxgasado_coldboxpequena,,2025-10-07,2025-10-07,,0,,15,"erro, not before date posterior a sexta feira, operação não será considerada."
147292,23.0,2907.0,coldboxgasado_coldboxpequena,,2025-10-06,2025-10-06,,0,,15,"erro, not before date posterior a sexta feira, operação não será considerada."
147293,23.0,2907.0,coldboxgasado_coldboxpequena,,2025-10-07,2025-10-07,,0,,15,"erro, not before date posterior a sexta feira, operação não será considerada."
